tanggal,nilai,komoditas,satuan,sektor
2009-01-01,2700.16,Jagung Pipilan,(Rp/kg),Pangan
2009-02-01,2673.95,Jagung Pipilan,(Rp/kg),Pangan
2009-03-01,2651.23,Jagung Pipilan,(Rp/kg),Pangan
2009-04-01,2671.77,Jagung Pipilan,(Rp/kg),Pangan
2009-05-01,2688.56,Jagung Pipilan,(Rp/kg),Pangan
2009-06-01,2719.53,Jagung Pipilan,(Rp/kg),Pangan
2009-07-01,2734.19,Jagung Pipilan,(Rp/kg),Pangan
2009-08-01,2743.21,Jagung Pipilan,(Rp/kg),Pangan
2009-09-01,2782.77,Jagung Pipilan,(Rp/kg),Pangan
2009-10-01,2781.28,Jagung Pipilan,(Rp/kg),Pangan
2009-11-01,2799.92,Jagung Pipilan,(Rp/kg),Pangan
2009-12-01,2821.91,Jagung Pipilan,(Rp/kg),Pangan
2010-01-01,2881.07,Jagung Pipilan,(Rp/kg),Pangan
2010-02-01,2872.57,Jagung Pipilan,(Rp/kg),Pangan
2010-03-01,2886.71,Jagung Pipilan,(Rp/kg),Pangan
2010-04-01,2895.67,Jagung Pipilan,(Rp/kg),Pangan
2010-05-01,2897.66,Jagung Pipilan,(Rp/kg),Pangan
2010-06-01,2915.82,Jagung Pipilan,(Rp/kg),Pangan
2010-07-01,2933.48,Jagung Pipilan,(Rp/kg),Pangan
2010-08-01,2948.57,Jagung Pipilan,(Rp/kg),Pangan
2010-09-01,2976.11,Jagung Pipilan,(Rp/kg),Pangan
2010-10-01,3003.75,Jagung Pipilan,(Rp/kg),Pangan
2010-11-01,3003.12,Jagung Pipilan,(Rp/kg),Pangan
2010-12-01,2992.24,Jagung Pipilan,(Rp/kg),Pangan
2011-01-01,3020.72,Jagung Pipilan,(Rp/kg),Pangan
2011-02-01,3039.58,Jagung Pipilan,(Rp/kg),Pangan
2011-03-01,3051.44,Jagung Pipilan,(Rp/kg),Pangan
2011-04-01,3074,Jagung Pipilan,(Rp/kg),Pangan
2011-05-01,3092.69,Jagung Pipilan,(Rp/kg),Pangan
2011-06-01,3108.97,Jagung Pipilan,(Rp/kg),Pangan
2011-07-01,3104.14,Jagung Pipilan,(Rp/kg),Pangan
2011-08-01,3139.32,Jagung Pipilan,(Rp/kg),Pangan
2011-09-01,3147.56,Jagung Pipilan,(Rp/kg),Pangan
2011-10-01,3159,Jagung Pipilan,(Rp/kg),Pangan
2011-11-01,3168.3,Jagung Pipilan,(Rp/kg),Pangan
2011-12-01,3177.45,Jagung Pipilan,(Rp/kg),Pangan
2012-01-01,3265.2,Jagung Pipilan,(Rp/kg),Pangan
2012-02-01,3245.3,Jagung Pipilan,(Rp/kg),Pangan
2012-03-01,3237.52,Jagung Pipilan,(Rp/kg),Pangan
2012-04-01,3251.51,Jagung Pipilan,(Rp/kg),Pangan
2012-05-01,3265.77,Jagung Pipilan,(Rp/kg),Pangan
2012-06-01,3281.39,Jagung Pipilan,(Rp/kg),Pangan
2012-07-01,3282.53,Jagung Pipilan,(Rp/kg),Pangan
2012-08-01,3313.54,Jagung Pipilan,(Rp/kg),Pangan
2012-09-01,3353.8,Jagung Pipilan,(Rp/kg),Pangan
2012-10-01,3375.47,Jagung Pipilan,(Rp/kg),Pangan
2012-11-01,3389.16,Jagung Pipilan,(Rp/kg),Pangan
2012-12-01,3409.35,Jagung Pipilan,(Rp/kg),Pangan
2013-01-01,3433.54,Jagung Pipilan,(Rp/kg),Pangan
2013-02-01,3445.16,Jagung Pipilan,(Rp/kg),Pangan
2013-03-01,3435.14,Jagung Pipilan,(Rp/kg),Pangan
2013-04-01,3448,Jagung Pipilan,(Rp/kg),Pangan
2013-05-01,3454.49,Jagung Pipilan,(Rp/kg),Pangan
2013-06-01,3469.08,Jagung Pipilan,(Rp/kg),Pangan
2013-07-01,3516.67,Jagung Pipilan,(Rp/kg),Pangan
2013-08-01,3520.47,Jagung Pipilan,(Rp/kg),Pangan
2013-09-01,3518.72,Jagung Pipilan,(Rp/kg),Pangan
2013-10-01,3527.68,Jagung Pipilan,(Rp/kg),Pangan
2013-11-01,3524.12,Jagung Pipilan,(Rp/kg),Pangan
2013-12-01,3533.4,Jagung Pipilan,(Rp/kg),Pangan
2014-01-01,3636,Jagung Pipilan,(Rp/kg),Pangan
2014-02-01,3628.75,Jagung Pipilan,(Rp/kg),Pangan
2014-03-01,3629.64,Jagung Pipilan,(Rp/kg),Pangan
2014-04-01,3645.17,Jagung Pipilan,(Rp/kg),Pangan
2014-05-01,3647.64,Jagung Pipilan,(Rp/kg),Pangan
2014-06-01,3640.96,Jagung Pipilan,(Rp/kg),Pangan
2014-07-01,3663.1,Jagung Pipilan,(Rp/kg),Pangan
2014-08-01,3668.97,Jagung Pipilan,(Rp/kg),Pangan
2014-09-01,3678.36,Jagung Pipilan,(Rp/kg),Pangan
2014-10-01,3698.63,Jagung Pipilan,(Rp/kg),Pangan
2014-11-01,3735.98,Jagung Pipilan,(Rp/kg),Pangan
2014-12-01,3771.84,Jagung Pipilan,(Rp/kg),Pangan
2015-01-01,3738.19,Jagung Pipilan,(Rp/kg),Pangan
2015-02-01,3732.41,Jagung Pipilan,(Rp/kg),Pangan
2015-03-01,3723.75,Jagung Pipilan,(Rp/kg),Pangan
2015-04-01,3737,Jagung Pipilan,(Rp/kg),Pangan
2015-05-01,3716.94,Jagung Pipilan,(Rp/kg),Pangan
2015-06-01,3701.79,Jagung Pipilan,(Rp/kg),Pangan
2015-07-01,3699.46,Jagung Pipilan,(Rp/kg),Pangan
2015-08-01,3726.02,Jagung Pipilan,(Rp/kg),Pangan
2015-09-01,3787.2,Jagung Pipilan,(Rp/kg),Pangan
2015-10-01,3834.05,Jagung Pipilan,(Rp/kg),Pangan
2015-11-01,3930.72,Jagung Pipilan,(Rp/kg),Pangan
2015-12-01,4009.32,Jagung Pipilan,(Rp/kg),Pangan
2016-01-01,4106.88,Jagung Pipilan,(Rp/kg),Pangan
2016-02-01,4135.59,Jagung Pipilan,(Rp/kg),Pangan
2016-03-01,4093.99,Jagung Pipilan,(Rp/kg),Pangan
2016-04-01,4050.55,Jagung Pipilan,(Rp/kg),Pangan
2016-05-01,4041.84,Jagung Pipilan,(Rp/kg),Pangan
2016-06-01,4051.9,Jagung Pipilan,(Rp/kg),Pangan
2016-07-01,4075.97,Jagung Pipilan,(Rp/kg),Pangan
2016-08-01,4079.48,Jagung Pipilan,(Rp/kg),Pangan
2016-09-01,4096.6,Jagung Pipilan,(Rp/kg),Pangan
2016-10-01,4088.91,Jagung Pipilan,(Rp/kg),Pangan
2016-11-01,4133.84,Jagung Pipilan,(Rp/kg),Pangan
2016-12-01,4176.52,Jagung Pipilan,(Rp/kg),Pangan
2017-01-01,4220.87,Jagung Pipilan,(Rp/kg),Pangan
2017-02-01,4191.45,Jagung Pipilan,(Rp/kg),Pangan
2017-03-01,4191.96,Jagung Pipilan,(Rp/kg),Pangan
2017-04-01,4239.18,Jagung Pipilan,(Rp/kg),Pangan
2017-05-01,4253.99,Jagung Pipilan,(Rp/kg),Pangan
2017-06-01,4268.07,Jagung Pipilan,(Rp/kg),Pangan
2017-07-01,4288.45,Jagung Pipilan,(Rp/kg),Pangan
2017-08-01,4312.74,Jagung Pipilan,(Rp/kg),Pangan
2017-09-01,4312.12,Jagung Pipilan,(Rp/kg),Pangan
2017-10-01,4329.63,Jagung Pipilan,(Rp/kg),Pangan
2017-11-01,4330.99,Jagung Pipilan,(Rp/kg),Pangan
2017-12-01,4344.95,Jagung Pipilan,(Rp/kg),Pangan
2018-01-01,4441.21,Jagung Pipilan,(Rp/kg),Pangan
2018-02-01,4421.13,Jagung Pipilan,(Rp/kg),Pangan
2018-03-01,4428.89,Jagung Pipilan,(Rp/kg),Pangan
2018-04-01,4439.51,Jagung Pipilan,(Rp/kg),Pangan
2018-05-01,4467.3,Jagung Pipilan,(Rp/kg),Pangan
2018-06-01,4461.78,Jagung Pipilan,(Rp/kg),Pangan
2018-07-01,4496.79,Jagung Pipilan,(Rp/kg),Pangan
2018-08-01,4524.16,Jagung Pipilan,(Rp/kg),Pangan
2018-09-01,4584.76,Jagung Pipilan,(Rp/kg),Pangan
2018-10-01,4647.12,Jagung Pipilan,(Rp/kg),Pangan
2018-11-01,4694.59,Jagung Pipilan,(Rp/kg),Pangan
2018-12-01,4767.85,Jagung Pipilan,(Rp/kg),Pangan
2019-01-01,5017.97,Jagung Pipilan,(Rp/kg),Pangan
2019-02-01,5003.4,Jagung Pipilan,(Rp/kg),Pangan
2019-03-01,4929.06,Jagung Pipilan,(Rp/kg),Pangan
2019-04-01,4915.83,Jagung Pipilan,(Rp/kg),Pangan
2019-05-01,4913.18,Jagung Pipilan,(Rp/kg),Pangan
2019-06-01,4914.93,Jagung Pipilan,(Rp/kg),Pangan
2019-07-01,4911.42,Jagung Pipilan,(Rp/kg),Pangan
2019-08-01,4965,Jagung Pipilan,(Rp/kg),Pangan
2019-09-01,4988.51,Jagung Pipilan,(Rp/kg),Pangan
2019-10-01,4999.14,Jagung Pipilan,(Rp/kg),Pangan
2019-11-01,4989.96,Jagung Pipilan,(Rp/kg),Pangan
2019-12-01,5002.22,Jagung Pipilan,(Rp/kg),Pangan
2020-01-01,5032.39,Jagung Pipilan,(Rp/kg),Pangan
2020-02-01,5067.77,Jagung Pipilan,(Rp/kg),Pangan
2020-03-01,5052.09,Jagung Pipilan,(Rp/kg),Pangan
2020-04-01,4974.16,Jagung Pipilan,(Rp/kg),Pangan
2020-05-01,4860.5,Jagung Pipilan,(Rp/kg),Pangan
2020-06-01,4840.86,Jagung Pipilan,(Rp/kg),Pangan
2020-07-01,4796.52,Jagung Pipilan,(Rp/kg),Pangan
2020-08-01,4747.7,Jagung Pipilan,(Rp/kg),Pangan
2020-09-01,4762.91,Jagung Pipilan,(Rp/kg),Pangan
2020-10-01,4799.75,Jagung Pipilan,(Rp/kg),Pangan
2020-11-01,4849.93,Jagung Pipilan,(Rp/kg),Pangan
2020-12-01,4865.74,Jagung Pipilan,(Rp/kg),Pangan
2009-01-01,6424.62,Kedelai,(Rp/kg),Pangan
2009-02-01,6426,Kedelai,(Rp/kg),Pangan
2009-03-01,6423.17,Kedelai,(Rp/kg),Pangan
2009-04-01,6543.43,Kedelai,(Rp/kg),Pangan
2009-05-01,6585,Kedelai,(Rp/kg),Pangan
2009-06-01,6628.27,Kedelai,(Rp/kg),Pangan
2009-07-01,6631.85,Kedelai,(Rp/kg),Pangan
2009-08-01,6648.32,Kedelai,(Rp/kg),Pangan
2009-09-01,6732.2,Kedelai,(Rp/kg),Pangan
2009-10-01,6680.12,Kedelai,(Rp/kg),Pangan
2009-11-01,6672.92,Kedelai,(Rp/kg),Pangan
2009-12-01,6660.86,Kedelai,(Rp/kg),Pangan
2010-01-01,6647.64,Kedelai,(Rp/kg),Pangan
2010-02-01,6616.3,Kedelai,(Rp/kg),Pangan
2010-03-01,6531.11,Kedelai,(Rp/kg),Pangan
2010-04-01,6570.68,Kedelai,(Rp/kg),Pangan
2010-05-01,6556.63,Kedelai,(Rp/kg),Pangan
2010-06-01,6584.75,Kedelai,(Rp/kg),Pangan
2010-07-01,6598.94,Kedelai,(Rp/kg),Pangan
2010-08-01,6727.9,Kedelai,(Rp/kg),Pangan
2010-09-01,6740.6,Kedelai,(Rp/kg),Pangan
2010-10-01,6782.4,Kedelai,(Rp/kg),Pangan
2010-11-01,6761.22,Kedelai,(Rp/kg),Pangan
2010-12-01,6853.01,Kedelai,(Rp/kg),Pangan
2011-01-01,7071.46,Kedelai,(Rp/kg),Pangan
2011-02-01,7147.61,Kedelai,(Rp/kg),Pangan
2011-03-01,7209.36,Kedelai,(Rp/kg),Pangan
2011-04-01,7242.83,Kedelai,(Rp/kg),Pangan
2011-05-01,7272.91,Kedelai,(Rp/kg),Pangan
2011-06-01,7261.42,Kedelai,(Rp/kg),Pangan
2011-07-01,7214.6,Kedelai,(Rp/kg),Pangan
2011-08-01,7222.08,Kedelai,(Rp/kg),Pangan
2011-09-01,7306,Kedelai,(Rp/kg),Pangan
2011-10-01,7304.47,Kedelai,(Rp/kg),Pangan
2011-11-01,7285.12,Kedelai,(Rp/kg),Pangan
2011-12-01,7288.61,Kedelai,(Rp/kg),Pangan
2012-01-01,7377.11,Kedelai,(Rp/kg),Pangan
2012-02-01,7414.06,Kedelai,(Rp/kg),Pangan
2012-03-01,7393.77,Kedelai,(Rp/kg),Pangan
2012-04-01,7414.4,Kedelai,(Rp/kg),Pangan
2012-05-01,7421.51,Kedelai,(Rp/kg),Pangan
2012-06-01,7443.46,Kedelai,(Rp/kg),Pangan
2012-07-01,7492.31,Kedelai,(Rp/kg),Pangan
2012-08-01,7595.84,Kedelai,(Rp/kg),Pangan
2012-09-01,7591.99,Kedelai,(Rp/kg),Pangan
2012-10-01,7602.23,Kedelai,(Rp/kg),Pangan
2012-11-01,7687.04,Kedelai,(Rp/kg),Pangan
2012-12-01,7730.67,Kedelai,(Rp/kg),Pangan
2013-01-01,7600.12,Kedelai,(Rp/kg),Pangan
2013-02-01,7624.49,Kedelai,(Rp/kg),Pangan
2013-03-01,7611.46,Kedelai,(Rp/kg),Pangan
2013-04-01,7609.33,Kedelai,(Rp/kg),Pangan
2013-05-01,7611.07,Kedelai,(Rp/kg),Pangan
2013-06-01,7646.16,Kedelai,(Rp/kg),Pangan
2013-07-01,7624.23,Kedelai,(Rp/kg),Pangan
2013-08-01,7692.04,Kedelai,(Rp/kg),Pangan
2013-09-01,7882.07,Kedelai,(Rp/kg),Pangan
2013-10-01,7918.76,Kedelai,(Rp/kg),Pangan
2013-11-01,7939.08,Kedelai,(Rp/kg),Pangan
2013-12-01,7934.84,Kedelai,(Rp/kg),Pangan
2014-01-01,8183.57,Kedelai,(Rp/kg),Pangan
2014-02-01,8204.97,Kedelai,(Rp/kg),Pangan
2014-03-01,8382.22,Kedelai,(Rp/kg),Pangan
2014-04-01,8342.49,Kedelai,(Rp/kg),Pangan
2014-05-01,8316.18,Kedelai,(Rp/kg),Pangan
2014-06-01,8312.39,Kedelai,(Rp/kg),Pangan
2014-07-01,8270.34,Kedelai,(Rp/kg),Pangan
2014-08-01,8304.86,Kedelai,(Rp/kg),Pangan
2014-09-01,8371,Kedelai,(Rp/kg),Pangan
2014-10-01,8371.32,Kedelai,(Rp/kg),Pangan
2014-11-01,8407.03,Kedelai,(Rp/kg),Pangan
2014-12-01,8449.99,Kedelai,(Rp/kg),Pangan
2015-01-01,8404.68,Kedelai,(Rp/kg),Pangan
2015-02-01,8288.49,Kedelai,(Rp/kg),Pangan
2015-03-01,8295.3,Kedelai,(Rp/kg),Pangan
2015-04-01,8364.28,Kedelai,(Rp/kg),Pangan
2015-05-01,8324.84,Kedelai,(Rp/kg),Pangan
2015-06-01,8330.52,Kedelai,(Rp/kg),Pangan
2015-07-01,8320.93,Kedelai,(Rp/kg),Pangan
2015-08-01,8315,Kedelai,(Rp/kg),Pangan
2015-09-01,8354.75,Kedelai,(Rp/kg),Pangan
2015-10-01,8336.29,Kedelai,(Rp/kg),Pangan
2015-11-01,8281.58,Kedelai,(Rp/kg),Pangan
2015-12-01,8307.17,Kedelai,(Rp/kg),Pangan
2016-01-01,8315.87,Kedelai,(Rp/kg),Pangan
2016-02-01,8293.33,Kedelai,(Rp/kg),Pangan
2016-03-01,8306.15,Kedelai,(Rp/kg),Pangan
2016-04-01,8287.16,Kedelai,(Rp/kg),Pangan
2016-05-01,8277.94,Kedelai,(Rp/kg),Pangan
2016-06-01,8276.4,Kedelai,(Rp/kg),Pangan
2016-07-01,8267.41,Kedelai,(Rp/kg),Pangan
2016-08-01,8266.01,Kedelai,(Rp/kg),Pangan
2016-09-01,8242.9,Kedelai,(Rp/kg),Pangan
2016-10-01,8273.34,Kedelai,(Rp/kg),Pangan
2016-11-01,8288.7,Kedelai,(Rp/kg),Pangan
2016-12-01,8317.29,Kedelai,(Rp/kg),Pangan
2017-01-01,7686.68,Kedelai,(Rp/kg),Pangan
2017-02-01,7717.55,Kedelai,(Rp/kg),Pangan
2017-03-01,7725.61,Kedelai,(Rp/kg),Pangan
2017-04-01,7724,Kedelai,(Rp/kg),Pangan
2017-05-01,7744.94,Kedelai,(Rp/kg),Pangan
2017-06-01,7797.87,Kedelai,(Rp/kg),Pangan
2017-07-01,7796.87,Kedelai,(Rp/kg),Pangan
2017-08-01,7785.61,Kedelai,(Rp/kg),Pangan
2017-09-01,7783.72,Kedelai,(Rp/kg),Pangan
2017-10-01,7747.23,Kedelai,(Rp/kg),Pangan
2017-11-01,7774.44,Kedelai,(Rp/kg),Pangan
2017-12-01,7825.35,Kedelai,(Rp/kg),Pangan
2018-01-01,8187.55,Kedelai,(Rp/kg),Pangan
2018-02-01,8242.73,Kedelai,(Rp/kg),Pangan
2018-03-01,8299.54,Kedelai,(Rp/kg),Pangan
2018-04-01,8248.2,Kedelai,(Rp/kg),Pangan
2018-05-01,8215.05,Kedelai,(Rp/kg),Pangan
2018-06-01,8193.69,Kedelai,(Rp/kg),Pangan
2018-07-01,8237.43,Kedelai,(Rp/kg),Pangan
2018-08-01,8240.46,Kedelai,(Rp/kg),Pangan
2018-09-01,8303.37,Kedelai,(Rp/kg),Pangan
2018-10-01,8254.55,Kedelai,(Rp/kg),Pangan
2018-11-01,8272.25,Kedelai,(Rp/kg),Pangan
2018-12-01,8276.42,Kedelai,(Rp/kg),Pangan
2019-01-01,8094.48,Kedelai,(Rp/kg),Pangan
2019-02-01,8067.2,Kedelai,(Rp/kg),Pangan
2019-03-01,8083.03,Kedelai,(Rp/kg),Pangan
2019-04-01,8138.1,Kedelai,(Rp/kg),Pangan
2019-05-01,8178.99,Kedelai,(Rp/kg),Pangan
2019-06-01,8128.01,Kedelai,(Rp/kg),Pangan
2019-07-01,8276.15,Kedelai,(Rp/kg),Pangan
2019-08-01,8339.73,Kedelai,(Rp/kg),Pangan
2019-09-01,8280.57,Kedelai,(Rp/kg),Pangan
2019-10-01,8320.45,Kedelai,(Rp/kg),Pangan
2019-11-01,8289.45,Kedelai,(Rp/kg),Pangan
2019-12-01,8285.46,Kedelai,(Rp/kg),Pangan
2020-01-01,8846.04,Kedelai,(Rp/kg),Pangan
2020-02-01,8919.75,Kedelai,(Rp/kg),Pangan
2020-03-01,8914.26,Kedelai,(Rp/kg),Pangan
2020-04-01,8982.23,Kedelai,(Rp/kg),Pangan
2020-05-01,8938.49,Kedelai,(Rp/kg),Pangan
2020-06-01,8955.27,Kedelai,(Rp/kg),Pangan
2020-07-01,8960.22,Kedelai,(Rp/kg),Pangan
2020-08-01,8972.82,Kedelai,(Rp/kg),Pangan
2020-09-01,9000.55,Kedelai,(Rp/kg),Pangan
2020-10-01,9039.02,Kedelai,(Rp/kg),Pangan
2020-11-01,9074.48,Kedelai,(Rp/kg),Pangan
2020-12-01,9078.79,Kedelai,(Rp/kg),Pangan
2009-01-01,8642.84,Kacang Tanah,(Rp/kg),Pangan
2009-02-01,8749.79,Kacang Tanah,(Rp/kg),Pangan
2009-03-01,8774.35,Kacang Tanah,(Rp/kg),Pangan
2009-04-01,8864.05,Kacang Tanah,(Rp/kg),Pangan
2009-05-01,8985.97,Kacang Tanah,(Rp/kg),Pangan
2009-06-01,9017.17,Kacang Tanah,(Rp/kg),Pangan
2009-07-01,9092.08,Kacang Tanah,(Rp/kg),Pangan
2009-08-01,9250.1,Kacang Tanah,(Rp/kg),Pangan
2009-09-01,9423.26,Kacang Tanah,(Rp/kg),Pangan
2009-10-01,9300.2,Kacang Tanah,(Rp/kg),Pangan
2009-11-01,9255.15,Kacang Tanah,(Rp/kg),Pangan
2009-12-01,9332.43,Kacang Tanah,(Rp/kg),Pangan
2010-01-01,9388.61,Kacang Tanah,(Rp/kg),Pangan
2010-02-01,9535.15,Kacang Tanah,(Rp/kg),Pangan
2010-03-01,9590.16,Kacang Tanah,(Rp/kg),Pangan
2010-04-01,9557.63,Kacang Tanah,(Rp/kg),Pangan
2010-05-01,9655.23,Kacang Tanah,(Rp/kg),Pangan
2010-06-01,9653.76,Kacang Tanah,(Rp/kg),Pangan
2010-07-01,9768.57,Kacang Tanah,(Rp/kg),Pangan
2010-08-01,9946.54,Kacang Tanah,(Rp/kg),Pangan
2010-09-01,10081.7,Kacang Tanah,(Rp/kg),Pangan
2010-10-01,10081.7,Kacang Tanah,(Rp/kg),Pangan
2010-11-01,10169.68,Kacang Tanah,(Rp/kg),Pangan
2010-12-01,10217.96,Kacang Tanah,(Rp/kg),Pangan
2011-01-01,10364.49,Kacang Tanah,(Rp/kg),Pangan
2011-02-01,10401.64,Kacang Tanah,(Rp/kg),Pangan
2011-03-01,10471,Kacang Tanah,(Rp/kg),Pangan
2011-04-01,10522.55,Kacang Tanah,(Rp/kg),Pangan
2011-05-01,10626.23,Kacang Tanah,(Rp/kg),Pangan
2011-06-01,10540.42,Kacang Tanah,(Rp/kg),Pangan
2011-07-01,10650.73,Kacang Tanah,(Rp/kg),Pangan
2011-08-01,10844.45,Kacang Tanah,(Rp/kg),Pangan
2011-09-01,10990.94,Kacang Tanah,(Rp/kg),Pangan
2011-10-01,10968.17,Kacang Tanah,(Rp/kg),Pangan
2011-11-01,10955.34,Kacang Tanah,(Rp/kg),Pangan
2011-12-01,10998.96,Kacang Tanah,(Rp/kg),Pangan
2012-01-01,10961.62,Kacang Tanah,(Rp/kg),Pangan
2012-02-01,10900.93,Kacang Tanah,(Rp/kg),Pangan
2012-03-01,10980.78,Kacang Tanah,(Rp/kg),Pangan
2012-04-01,11046.43,Kacang Tanah,(Rp/kg),Pangan
2012-05-01,11074.64,Kacang Tanah,(Rp/kg),Pangan
2012-06-01,11174.24,Kacang Tanah,(Rp/kg),Pangan
2012-07-01,11224.09,Kacang Tanah,(Rp/kg),Pangan
2012-08-01,11471.77,Kacang Tanah,(Rp/kg),Pangan
2012-09-01,11383.67,Kacang Tanah,(Rp/kg),Pangan
2012-10-01,11389.77,Kacang Tanah,(Rp/kg),Pangan
2012-11-01,11445.38,Kacang Tanah,(Rp/kg),Pangan
2012-12-01,11465.9,Kacang Tanah,(Rp/kg),Pangan
2013-01-01,11558.84,Kacang Tanah,(Rp/kg),Pangan
2013-02-01,11615.06,Kacang Tanah,(Rp/kg),Pangan
2013-03-01,11654.5,Kacang Tanah,(Rp/kg),Pangan
2013-04-01,11626.95,Kacang Tanah,(Rp/kg),Pangan
2013-05-01,11622.89,Kacang Tanah,(Rp/kg),Pangan
2013-06-01,11660.91,Kacang Tanah,(Rp/kg),Pangan
2013-07-01,11939,Kacang Tanah,(Rp/kg),Pangan
2013-08-01,12002.08,Kacang Tanah,(Rp/kg),Pangan
2013-09-01,11952.57,Kacang Tanah,(Rp/kg),Pangan
2013-10-01,11964.82,Kacang Tanah,(Rp/kg),Pangan
2013-11-01,11969.06,Kacang Tanah,(Rp/kg),Pangan
2013-12-01,12022.14,Kacang Tanah,(Rp/kg),Pangan
2014-01-01,11974,Kacang Tanah,(Rp/kg),Pangan
2014-02-01,11952.99,Kacang Tanah,(Rp/kg),Pangan
2014-03-01,11989.43,Kacang Tanah,(Rp/kg),Pangan
2014-04-01,11991.11,Kacang Tanah,(Rp/kg),Pangan
2014-05-01,12021.6,Kacang Tanah,(Rp/kg),Pangan
2014-06-01,12068.03,Kacang Tanah,(Rp/kg),Pangan
2014-07-01,12255.86,Kacang Tanah,(Rp/kg),Pangan
2014-08-01,12263.1,Kacang Tanah,(Rp/kg),Pangan
2014-09-01,12320.13,Kacang Tanah,(Rp/kg),Pangan
2014-10-01,12455.07,Kacang Tanah,(Rp/kg),Pangan
2014-11-01,12500.07,Kacang Tanah,(Rp/kg),Pangan
2014-12-01,12644.67,Kacang Tanah,(Rp/kg),Pangan
2015-01-01,12927.58,Kacang Tanah,(Rp/kg),Pangan
2015-02-01,12916.85,Kacang Tanah,(Rp/kg),Pangan
2015-03-01,13004.63,Kacang Tanah,(Rp/kg),Pangan
2015-04-01,12989.05,Kacang Tanah,(Rp/kg),Pangan
2015-05-01,13035.43,Kacang Tanah,(Rp/kg),Pangan
2015-06-01,13173.85,Kacang Tanah,(Rp/kg),Pangan
2015-07-01,13638.04,Kacang Tanah,(Rp/kg),Pangan
2015-08-01,13733.24,Kacang Tanah,(Rp/kg),Pangan
2015-09-01,13921.11,Kacang Tanah,(Rp/kg),Pangan
2015-10-01,13960.49,Kacang Tanah,(Rp/kg),Pangan
2015-11-01,14202.09,Kacang Tanah,(Rp/kg),Pangan
2015-12-01,14249.41,Kacang Tanah,(Rp/kg),Pangan
2016-01-01,14369.32,Kacang Tanah,(Rp/kg),Pangan
2016-02-01,14300.88,Kacang Tanah,(Rp/kg),Pangan
2016-03-01,14345.71,Kacang Tanah,(Rp/kg),Pangan
2016-04-01,14288.15,Kacang Tanah,(Rp/kg),Pangan
2016-05-01,14320.8,Kacang Tanah,(Rp/kg),Pangan
2016-06-01,14557.64,Kacang Tanah,(Rp/kg),Pangan
2016-07-01,14737.94,Kacang Tanah,(Rp/kg),Pangan
2016-08-01,14760.76,Kacang Tanah,(Rp/kg),Pangan
2016-09-01,14770.03,Kacang Tanah,(Rp/kg),Pangan
2016-10-01,14794.02,Kacang Tanah,(Rp/kg),Pangan
2016-11-01,14753.63,Kacang Tanah,(Rp/kg),Pangan
2016-12-01,14783.36,Kacang Tanah,(Rp/kg),Pangan
2017-01-01,15230.69,Kacang Tanah,(Rp/kg),Pangan
2017-02-01,15205.28,Kacang Tanah,(Rp/kg),Pangan
2017-03-01,15286.68,Kacang Tanah,(Rp/kg),Pangan
2017-04-01,15367.01,Kacang Tanah,(Rp/kg),Pangan
2017-05-01,15399.67,Kacang Tanah,(Rp/kg),Pangan
2017-06-01,15600.21,Kacang Tanah,(Rp/kg),Pangan
2017-07-01,15618.36,Kacang Tanah,(Rp/kg),Pangan
2017-08-01,15723.32,Kacang Tanah,(Rp/kg),Pangan
2017-09-01,15698.72,Kacang Tanah,(Rp/kg),Pangan
2017-10-01,15627.58,Kacang Tanah,(Rp/kg),Pangan
2017-11-01,15786.9,Kacang Tanah,(Rp/kg),Pangan
2017-12-01,15850.61,Kacang Tanah,(Rp/kg),Pangan
2018-01-01,15668.39,Kacang Tanah,(Rp/kg),Pangan
2018-02-01,15696.44,Kacang Tanah,(Rp/kg),Pangan
2018-03-01,15575.5,Kacang Tanah,(Rp/kg),Pangan
2018-04-01,15600.02,Kacang Tanah,(Rp/kg),Pangan
2018-05-01,15676.87,Kacang Tanah,(Rp/kg),Pangan
2018-06-01,15872.14,Kacang Tanah,(Rp/kg),Pangan
2018-07-01,15840.3,Kacang Tanah,(Rp/kg),Pangan
2018-08-01,15833.47,Kacang Tanah,(Rp/kg),Pangan
2018-09-01,15834.96,Kacang Tanah,(Rp/kg),Pangan
2018-10-01,15777.71,Kacang Tanah,(Rp/kg),Pangan
2018-11-01,15701.68,Kacang Tanah,(Rp/kg),Pangan
2018-12-01,15811.08,Kacang Tanah,(Rp/kg),Pangan
2019-01-01,14809.86,Kacang Tanah,(Rp/kg),Pangan
2019-02-01,14682.95,Kacang Tanah,(Rp/kg),Pangan
2019-03-01,14611.45,Kacang Tanah,(Rp/kg),Pangan
2019-04-01,14752.74,Kacang Tanah,(Rp/kg),Pangan
2019-05-01,14922.87,Kacang Tanah,(Rp/kg),Pangan
2019-06-01,15003.96,Kacang Tanah,(Rp/kg),Pangan
2019-07-01,15039.46,Kacang Tanah,(Rp/kg),Pangan
2019-08-01,15259.06,Kacang Tanah,(Rp/kg),Pangan
2019-09-01,15284.21,Kacang Tanah,(Rp/kg),Pangan
2019-10-01,15347.06,Kacang Tanah,(Rp/kg),Pangan
2019-11-01,15393.76,Kacang Tanah,(Rp/kg),Pangan
2019-12-01,15481.01,Kacang Tanah,(Rp/kg),Pangan
2020-01-01,15558.85,Kacang Tanah,(Rp/kg),Pangan
2020-02-01,15547.96,Kacang Tanah,(Rp/kg),Pangan
2020-03-01,15601.24,Kacang Tanah,(Rp/kg),Pangan
2020-04-01,15662.44,Kacang Tanah,(Rp/kg),Pangan
2020-05-01,15776.47,Kacang Tanah,(Rp/kg),Pangan
2020-06-01,15712.25,Kacang Tanah,(Rp/kg),Pangan
2020-07-01,15750.36,Kacang Tanah,(Rp/kg),Pangan
2020-08-01,15789.25,Kacang Tanah,(Rp/kg),Pangan
2020-09-01,15719.67,Kacang Tanah,(Rp/kg),Pangan
2020-10-01,15645.54,Kacang Tanah,(Rp/kg),Pangan
2020-11-01,15622.45,Kacang Tanah,(Rp/kg),Pangan
2020-12-01,15713.49,Kacang Tanah,(Rp/kg),Pangan
2009-01-01,10280.4,Bawang Merah,(Rp/kg),Hortikultura
2009-02-01,10707.16,Bawang Merah,(Rp/kg),Hortikultura
2009-03-01,11272.15,Bawang Merah,(Rp/kg),Hortikultura
2009-04-01,10942.65,Bawang Merah,(Rp/kg),Hortikultura
2009-05-01,10922.74,Bawang Merah,(Rp/kg),Hortikultura
2009-06-01,10630.67,Bawang Merah,(Rp/kg),Hortikultura
2009-07-01,11136.59,Bawang Merah,(Rp/kg),Hortikultura
2009-08-01,11487.7,Bawang Merah,(Rp/kg),Hortikultura
2009-09-01,11280.81,Bawang Merah,(Rp/kg),Hortikultura
2009-10-01,10898.2,Bawang Merah,(Rp/kg),Hortikultura
2009-11-01,10931.9,Bawang Merah,(Rp/kg),Hortikultura
2009-12-01,10945.8,Bawang Merah,(Rp/kg),Hortikultura
2010-01-01,10706.93,Bawang Merah,(Rp/kg),Hortikultura
2010-02-01,10729.07,Bawang Merah,(Rp/kg),Hortikultura
2010-03-01,10769.81,Bawang Merah,(Rp/kg),Hortikultura
2010-04-01,11151.61,Bawang Merah,(Rp/kg),Hortikultura
2010-05-01,11107.61,Bawang Merah,(Rp/kg),Hortikultura
2010-06-01,11373.82,Bawang Merah,(Rp/kg),Hortikultura
2010-07-01,12739.47,Bawang Merah,(Rp/kg),Hortikultura
2010-08-01,12196.5,Bawang Merah,(Rp/kg),Hortikultura
2010-09-01,12112.01,Bawang Merah,(Rp/kg),Hortikultura
2010-10-01,12301.41,Bawang Merah,(Rp/kg),Hortikultura
2010-11-01,12890.79,Bawang Merah,(Rp/kg),Hortikultura
2010-12-01,13002.96,Bawang Merah,(Rp/kg),Hortikultura
2011-01-01,12892.2,Bawang Merah,(Rp/kg),Hortikultura
2011-02-01,13148.78,Bawang Merah,(Rp/kg),Hortikultura
2011-03-01,13686.56,Bawang Merah,(Rp/kg),Hortikultura
2011-04-01,13384.86,Bawang Merah,(Rp/kg),Hortikultura
2011-05-01,12877.27,Bawang Merah,(Rp/kg),Hortikultura
2011-06-01,12975.52,Bawang Merah,(Rp/kg),Hortikultura
2011-07-01,13361.38,Bawang Merah,(Rp/kg),Hortikultura
2011-08-01,13007.69,Bawang Merah,(Rp/kg),Hortikultura
2011-09-01,12605.06,Bawang Merah,(Rp/kg),Hortikultura
2011-10-01,12441.99,Bawang Merah,(Rp/kg),Hortikultura
2011-11-01,12449.52,Bawang Merah,(Rp/kg),Hortikultura
2011-12-01,12922.94,Bawang Merah,(Rp/kg),Hortikultura
2012-01-01,12462.99,Bawang Merah,(Rp/kg),Hortikultura
2012-02-01,12393.06,Bawang Merah,(Rp/kg),Hortikultura
2012-03-01,12267.58,Bawang Merah,(Rp/kg),Hortikultura
2012-04-01,12471.42,Bawang Merah,(Rp/kg),Hortikultura
2012-05-01,12801.58,Bawang Merah,(Rp/kg),Hortikultura
2012-06-01,13167.07,Bawang Merah,(Rp/kg),Hortikultura
2012-07-01,13158.92,Bawang Merah,(Rp/kg),Hortikultura
2012-08-01,13013.11,Bawang Merah,(Rp/kg),Hortikultura
2012-09-01,12770.99,Bawang Merah,(Rp/kg),Hortikultura
2012-10-01,12745.05,Bawang Merah,(Rp/kg),Hortikultura
2012-11-01,12980.12,Bawang Merah,(Rp/kg),Hortikultura
2012-12-01,13564.7,Bawang Merah,(Rp/kg),Hortikultura
2013-01-01,14263.78,Bawang Merah,(Rp/kg),Hortikultura
2013-02-01,14582.74,Bawang Merah,(Rp/kg),Hortikultura
2013-03-01,15023.36,Bawang Merah,(Rp/kg),Hortikultura
2013-04-01,15185.29,Bawang Merah,(Rp/kg),Hortikultura
2013-05-01,14653.21,Bawang Merah,(Rp/kg),Hortikultura
2013-06-01,14357.8,Bawang Merah,(Rp/kg),Hortikultura
2013-07-01,14959.31,Bawang Merah,(Rp/kg),Hortikultura
2013-08-01,15402.44,Bawang Merah,(Rp/kg),Hortikultura
2013-09-01,15023.46,Bawang Merah,(Rp/kg),Hortikultura
2013-10-01,14719.57,Bawang Merah,(Rp/kg),Hortikultura
2013-11-01,14699.17,Bawang Merah,(Rp/kg),Hortikultura
2013-12-01,14749.29,Bawang Merah,(Rp/kg),Hortikultura
2014-01-01,15638.48,Bawang Merah,(Rp/kg),Hortikultura
2014-02-01,15460.34,Bawang Merah,(Rp/kg),Hortikultura
2014-03-01,15428.38,Bawang Merah,(Rp/kg),Hortikultura
2014-04-01,15499.16,Bawang Merah,(Rp/kg),Hortikultura
2014-05-01,15527.77,Bawang Merah,(Rp/kg),Hortikultura
2014-06-01,15771.45,Bawang Merah,(Rp/kg),Hortikultura
2014-07-01,16128.87,Bawang Merah,(Rp/kg),Hortikultura
2014-08-01,15908.51,Bawang Merah,(Rp/kg),Hortikultura
2014-09-01,15498.11,Bawang Merah,(Rp/kg),Hortikultura
2014-10-01,15478.02,Bawang Merah,(Rp/kg),Hortikultura
2014-11-01,15294.26,Bawang Merah,(Rp/kg),Hortikultura
2014-12-01,15465.15,Bawang Merah,(Rp/kg),Hortikultura
2015-01-01,16030.26,Bawang Merah,(Rp/kg),Hortikultura
2015-02-01,15774.52,Bawang Merah,(Rp/kg),Hortikultura
2015-03-01,15950.3,Bawang Merah,(Rp/kg),Hortikultura
2015-04-01,16499.19,Bawang Merah,(Rp/kg),Hortikultura
2015-05-01,16667.57,Bawang Merah,(Rp/kg),Hortikultura
2015-06-01,17091.1,Bawang Merah,(Rp/kg),Hortikultura
2015-07-01,16432.96,Bawang Merah,(Rp/kg),Hortikultura
2015-08-01,15583.67,Bawang Merah,(Rp/kg),Hortikultura
2015-09-01,15254.09,Bawang Merah,(Rp/kg),Hortikultura
2015-10-01,15432.39,Bawang Merah,(Rp/kg),Hortikultura
2015-11-01,15549.5,Bawang Merah,(Rp/kg),Hortikultura
2015-12-01,16038.83,Bawang Merah,(Rp/kg),Hortikultura
2016-01-01,16999.67,Bawang Merah,(Rp/kg),Hortikultura
2016-02-01,16675.04,Bawang Merah,(Rp/kg),Hortikultura
2016-03-01,17486.16,Bawang Merah,(Rp/kg),Hortikultura
2016-04-01,18677.21,Bawang Merah,(Rp/kg),Hortikultura
2016-05-01,19150.51,Bawang Merah,(Rp/kg),Hortikultura
2016-06-01,18674.41,Bawang Merah,(Rp/kg),Hortikultura
2016-07-01,18921.78,Bawang Merah,(Rp/kg),Hortikultura
2016-08-01,19111.83,Bawang Merah,(Rp/kg),Hortikultura
2016-09-01,19656.59,Bawang Merah,(Rp/kg),Hortikultura
2016-10-01,19238.94,Bawang Merah,(Rp/kg),Hortikultura
2016-11-01,19584.71,Bawang Merah,(Rp/kg),Hortikultura
2016-12-01,19954.87,Bawang Merah,(Rp/kg),Hortikultura
2017-01-01,28511.44,Bawang Merah,(Rp/kg),Hortikultura
2017-02-01,28139.22,Bawang Merah,(Rp/kg),Hortikultura
2017-03-01,27969.76,Bawang Merah,(Rp/kg),Hortikultura
2017-04-01,27430.36,Bawang Merah,(Rp/kg),Hortikultura
2017-05-01,26733.7,Bawang Merah,(Rp/kg),Hortikultura
2017-06-01,26671.12,Bawang Merah,(Rp/kg),Hortikultura
2017-07-01,27530.18,Bawang Merah,(Rp/kg),Hortikultura
2017-08-01,26327.97,Bawang Merah,(Rp/kg),Hortikultura
2017-09-01,25525.36,Bawang Merah,(Rp/kg),Hortikultura
2017-10-01,24808.65,Bawang Merah,(Rp/kg),Hortikultura
2017-11-01,25006.39,Bawang Merah,(Rp/kg),Hortikultura
2017-12-01,25172.21,Bawang Merah,(Rp/kg),Hortikultura
2018-01-01,20848.82,Bawang Merah,(Rp/kg),Hortikultura
2018-02-01,20914.79,Bawang Merah,(Rp/kg),Hortikultura
2018-03-01,21476.28,Bawang Merah,(Rp/kg),Hortikultura
2018-04-01,22839.34,Bawang Merah,(Rp/kg),Hortikultura
2018-05-01,23165.49,Bawang Merah,(Rp/kg),Hortikultura
2018-06-01,23200.68,Bawang Merah,(Rp/kg),Hortikultura
2018-07-01,22340.08,Bawang Merah,(Rp/kg),Hortikultura
2018-08-01,21588.91,Bawang Merah,(Rp/kg),Hortikultura
2018-09-01,21036.03,Bawang Merah,(Rp/kg),Hortikultura
2018-10-01,20080.84,Bawang Merah,(Rp/kg),Hortikultura
2018-11-01,20719.64,Bawang Merah,(Rp/kg),Hortikultura
2018-12-01,21862.97,Bawang Merah,(Rp/kg),Hortikultura
2019-01-01,23345.04,Bawang Merah,(Rp/kg),Hortikultura
2019-02-01,22353.61,Bawang Merah,(Rp/kg),Hortikultura
2019-03-01,22671.61,Bawang Merah,(Rp/kg),Hortikultura
2019-04-01,23908.66,Bawang Merah,(Rp/kg),Hortikultura
2019-05-01,24418.48,Bawang Merah,(Rp/kg),Hortikultura
2019-06-01,24754.48,Bawang Merah,(Rp/kg),Hortikultura
2019-07-01,24485.09,Bawang Merah,(Rp/kg),Hortikultura
2019-08-01,22899.7,Bawang Merah,(Rp/kg),Hortikultura
2019-09-01,21857.42,Bawang Merah,(Rp/kg),Hortikultura
2019-10-01,21824,Bawang Merah,(Rp/kg),Hortikultura
2019-11-01,23051.85,Bawang Merah,(Rp/kg),Hortikultura
2019-12-01,24151.41,Bawang Merah,(Rp/kg),Hortikultura
2020-01-01,24537.64,Bawang Merah,(Rp/kg),Hortikultura
2020-02-01,25448.77,Bawang Merah,(Rp/kg),Hortikultura
2020-03-01,26040.24,Bawang Merah,(Rp/kg),Hortikultura
2020-04-01,27148.24,Bawang Merah,(Rp/kg),Hortikultura
2020-05-01,29771.34,Bawang Merah,(Rp/kg),Hortikultura
2020-06-01,30588.58,Bawang Merah,(Rp/kg),Hortikultura
2020-07-01,27907.18,Bawang Merah,(Rp/kg),Hortikultura
2020-08-01,25902.45,Bawang Merah,(Rp/kg),Hortikultura
2020-09-01,25187.48,Bawang Merah,(Rp/kg),Hortikultura
2020-10-01,25431.66,Bawang Merah,(Rp/kg),Hortikultura
2020-11-01,26301.81,Bawang Merah,(Rp/kg),Hortikultura
2020-12-01,25936.8,Bawang Merah,(Rp/kg),Hortikultura
2009-01-01,7215.69,Bawang Putih,(Rp/kg),Hortikultura
2009-02-01,7234.23,Bawang Putih,(Rp/kg),Hortikultura
2009-03-01,7132.27,Bawang Putih,(Rp/kg),Hortikultura
2009-04-01,7054.95,Bawang Putih,(Rp/kg),Hortikultura
2009-05-01,7078.73,Bawang Putih,(Rp/kg),Hortikultura
2009-06-01,7325.3,Bawang Putih,(Rp/kg),Hortikultura
2009-07-01,7611.58,Bawang Putih,(Rp/kg),Hortikultura
2009-08-01,8480.59,Bawang Putih,(Rp/kg),Hortikultura
2009-09-01,9041.58,Bawang Putih,(Rp/kg),Hortikultura
2009-10-01,9364.97,Bawang Putih,(Rp/kg),Hortikultura
2009-11-01,9628.12,Bawang Putih,(Rp/kg),Hortikultura
2009-12-01,9783.34,Bawang Putih,(Rp/kg),Hortikultura
2010-01-01,10588.14,Bawang Putih,(Rp/kg),Hortikultura
2010-02-01,10883.62,Bawang Putih,(Rp/kg),Hortikultura
2010-03-01,10833.78,Bawang Putih,(Rp/kg),Hortikultura
2010-04-01,11276.68,Bawang Putih,(Rp/kg),Hortikultura
2010-05-01,11503.53,Bawang Putih,(Rp/kg),Hortikultura
2010-06-01,11711.45,Bawang Putih,(Rp/kg),Hortikultura
2010-07-01,13127.46,Bawang Putih,(Rp/kg),Hortikultura
2010-08-01,13548.57,Bawang Putih,(Rp/kg),Hortikultura
2010-09-01,13257.77,Bawang Putih,(Rp/kg),Hortikultura
2010-10-01,13345.74,Bawang Putih,(Rp/kg),Hortikultura
2010-11-01,13636,Bawang Putih,(Rp/kg),Hortikultura
2010-12-01,13623.02,Bawang Putih,(Rp/kg),Hortikultura
2011-01-01,14108.11,Bawang Putih,(Rp/kg),Hortikultura
2011-02-01,14388.47,Bawang Putih,(Rp/kg),Hortikultura
2011-03-01,14660.59,Bawang Putih,(Rp/kg),Hortikultura
2011-04-01,14418.05,Bawang Putih,(Rp/kg),Hortikultura
2011-05-01,14450.75,Bawang Putih,(Rp/kg),Hortikultura
2011-06-01,14460.46,Bawang Putih,(Rp/kg),Hortikultura
2011-07-01,14374.39,Bawang Putih,(Rp/kg),Hortikultura
2011-08-01,14387.34,Bawang Putih,(Rp/kg),Hortikultura
2011-09-01,14385.33,Bawang Putih,(Rp/kg),Hortikultura
2011-10-01,13824.55,Bawang Putih,(Rp/kg),Hortikultura
2011-11-01,13711.54,Bawang Putih,(Rp/kg),Hortikultura
2011-12-01,13555.01,Bawang Putih,(Rp/kg),Hortikultura
2012-01-01,13202.25,Bawang Putih,(Rp/kg),Hortikultura
2012-02-01,13184.76,Bawang Putih,(Rp/kg),Hortikultura
2012-03-01,13268.62,Bawang Putih,(Rp/kg),Hortikultura
2012-04-01,13598.75,Bawang Putih,(Rp/kg),Hortikultura
2012-05-01,13581.25,Bawang Putih,(Rp/kg),Hortikultura
2012-06-01,14061.09,Bawang Putih,(Rp/kg),Hortikultura
2012-07-01,14329.62,Bawang Putih,(Rp/kg),Hortikultura
2012-08-01,14718.77,Bawang Putih,(Rp/kg),Hortikultura
2012-09-01,14782.49,Bawang Putih,(Rp/kg),Hortikultura
2012-10-01,14482.59,Bawang Putih,(Rp/kg),Hortikultura
2012-11-01,14543.66,Bawang Putih,(Rp/kg),Hortikultura
2012-12-01,14658.11,Bawang Putih,(Rp/kg),Hortikultura
2013-01-01,14887.99,Bawang Putih,(Rp/kg),Hortikultura
2013-02-01,15192.08,Bawang Putih,(Rp/kg),Hortikultura
2013-03-01,15860.84,Bawang Putih,(Rp/kg),Hortikultura
2013-04-01,16029.92,Bawang Putih,(Rp/kg),Hortikultura
2013-05-01,15722.25,Bawang Putih,(Rp/kg),Hortikultura
2013-06-01,15493.55,Bawang Putih,(Rp/kg),Hortikultura
2013-07-01,15494.18,Bawang Putih,(Rp/kg),Hortikultura
2013-08-01,15354.3,Bawang Putih,(Rp/kg),Hortikultura
2013-09-01,15185.91,Bawang Putih,(Rp/kg),Hortikultura
2013-10-01,14950.43,Bawang Putih,(Rp/kg),Hortikultura
2013-11-01,15059.32,Bawang Putih,(Rp/kg),Hortikultura
2013-12-01,14807.91,Bawang Putih,(Rp/kg),Hortikultura
2014-01-01,15513.07,Bawang Putih,(Rp/kg),Hortikultura
2014-02-01,15281.92,Bawang Putih,(Rp/kg),Hortikultura
2014-03-01,15348,Bawang Putih,(Rp/kg),Hortikultura
2014-04-01,15486.83,Bawang Putih,(Rp/kg),Hortikultura
2014-05-01,15487.64,Bawang Putih,(Rp/kg),Hortikultura
2014-06-01,15995.73,Bawang Putih,(Rp/kg),Hortikultura
2014-07-01,16437.32,Bawang Putih,(Rp/kg),Hortikultura
2014-08-01,16252.91,Bawang Putih,(Rp/kg),Hortikultura
2014-09-01,16062.51,Bawang Putih,(Rp/kg),Hortikultura
2014-10-01,15882.65,Bawang Putih,(Rp/kg),Hortikultura
2014-11-01,15866.44,Bawang Putih,(Rp/kg),Hortikultura
2014-12-01,16035.37,Bawang Putih,(Rp/kg),Hortikultura
2015-01-01,16087.76,Bawang Putih,(Rp/kg),Hortikultura
2015-02-01,15917.4,Bawang Putih,(Rp/kg),Hortikultura
2015-03-01,16378.08,Bawang Putih,(Rp/kg),Hortikultura
2015-04-01,16903.18,Bawang Putih,(Rp/kg),Hortikultura
2015-05-01,17248.43,Bawang Putih,(Rp/kg),Hortikultura
2015-06-01,17927.51,Bawang Putih,(Rp/kg),Hortikultura
2015-07-01,18079.23,Bawang Putih,(Rp/kg),Hortikultura
2015-08-01,17960.23,Bawang Putih,(Rp/kg),Hortikultura
2015-09-01,18186.17,Bawang Putih,(Rp/kg),Hortikultura
2015-10-01,18306.82,Bawang Putih,(Rp/kg),Hortikultura
2015-11-01,18371.72,Bawang Putih,(Rp/kg),Hortikultura
2015-12-01,18739.32,Bawang Putih,(Rp/kg),Hortikultura
2016-01-01,19659.45,Bawang Putih,(Rp/kg),Hortikultura
2016-02-01,20321.6,Bawang Putih,(Rp/kg),Hortikultura
2016-03-01,20865.86,Bawang Putih,(Rp/kg),Hortikultura
2016-04-01,22460.59,Bawang Putih,(Rp/kg),Hortikultura
2016-05-01,22585.96,Bawang Putih,(Rp/kg),Hortikultura
2016-06-01,22991.67,Bawang Putih,(Rp/kg),Hortikultura
2016-07-01,22921.05,Bawang Putih,(Rp/kg),Hortikultura
2016-08-01,22678.51,Bawang Putih,(Rp/kg),Hortikultura
2016-09-01,23297.79,Bawang Putih,(Rp/kg),Hortikultura
2016-10-01,23295.72,Bawang Putih,(Rp/kg),Hortikultura
2016-11-01,23443.1,Bawang Putih,(Rp/kg),Hortikultura
2016-12-01,24327.53,Bawang Putih,(Rp/kg),Hortikultura
2017-01-01,31629.44,Bawang Putih,(Rp/kg),Hortikultura
2017-02-01,31787.59,Bawang Putih,(Rp/kg),Hortikultura
2017-03-01,31377.67,Bawang Putih,(Rp/kg),Hortikultura
2017-04-01,31489.07,Bawang Putih,(Rp/kg),Hortikultura
2017-05-01,33862.8,Bawang Putih,(Rp/kg),Hortikultura
2017-06-01,34410.95,Bawang Putih,(Rp/kg),Hortikultura
2017-07-01,31603.52,Bawang Putih,(Rp/kg),Hortikultura
2017-08-01,30043.38,Bawang Putih,(Rp/kg),Hortikultura
2017-09-01,28593.67,Bawang Putih,(Rp/kg),Hortikultura
2017-10-01,28094.89,Bawang Putih,(Rp/kg),Hortikultura
2017-11-01,27872.87,Bawang Putih,(Rp/kg),Hortikultura
2017-12-01,27255.98,Bawang Putih,(Rp/kg),Hortikultura
2018-01-01,24960.93,Bawang Putih,(Rp/kg),Hortikultura
2018-02-01,25582.45,Bawang Putih,(Rp/kg),Hortikultura
2018-03-01,26641.62,Bawang Putih,(Rp/kg),Hortikultura
2018-04-01,27330.91,Bawang Putih,(Rp/kg),Hortikultura
2018-05-01,27127.84,Bawang Putih,(Rp/kg),Hortikultura
2018-06-01,27229.77,Bawang Putih,(Rp/kg),Hortikultura
2018-07-01,26670.56,Bawang Putih,(Rp/kg),Hortikultura
2018-08-01,26059.79,Bawang Putih,(Rp/kg),Hortikultura
2018-09-01,25598.71,Bawang Putih,(Rp/kg),Hortikultura
2018-10-01,24782.84,Bawang Putih,(Rp/kg),Hortikultura
2018-11-01,24973.84,Bawang Putih,(Rp/kg),Hortikultura
2018-12-01,24802.9,Bawang Putih,(Rp/kg),Hortikultura
2019-01-01,24635.33,Bawang Putih,(Rp/kg),Hortikultura
2019-02-01,24617.94,Bawang Putih,(Rp/kg),Hortikultura
2019-03-01,25745.37,Bawang Putih,(Rp/kg),Hortikultura
2019-04-01,27363.51,Bawang Putih,(Rp/kg),Hortikultura
2019-05-01,28794.95,Bawang Putih,(Rp/kg),Hortikultura
2019-06-01,28039.85,Bawang Putih,(Rp/kg),Hortikultura
2019-07-01,28278.41,Bawang Putih,(Rp/kg),Hortikultura
2019-08-01,27509.72,Bawang Putih,(Rp/kg),Hortikultura
2019-09-01,26386.19,Bawang Putih,(Rp/kg),Hortikultura
2019-10-01,25756.43,Bawang Putih,(Rp/kg),Hortikultura
2019-11-01,25768.65,Bawang Putih,(Rp/kg),Hortikultura
2019-12-01,25918.9,Bawang Putih,(Rp/kg),Hortikultura
2020-01-01,26373.49,Bawang Putih,(Rp/kg),Hortikultura
2020-02-01,29989.02,Bawang Putih,(Rp/kg),Hortikultura
2020-03-01,29640.87,Bawang Putih,(Rp/kg),Hortikultura
2020-04-01,30197.33,Bawang Putih,(Rp/kg),Hortikultura
2020-05-01,28676.3,Bawang Putih,(Rp/kg),Hortikultura
2020-06-01,26992.3,Bawang Putih,(Rp/kg),Hortikultura
2020-07-01,25336.57,Bawang Putih,(Rp/kg),Hortikultura
2020-08-01,24730.47,Bawang Putih,(Rp/kg),Hortikultura
2020-09-01,24957.1,Bawang Putih,(Rp/kg),Hortikultura
2020-10-01,25620.36,Bawang Putih,(Rp/kg),Hortikultura
2020-11-01,25850.72,Bawang Putih,(Rp/kg),Hortikultura
2020-12-01,26174.34,Bawang Putih,(Rp/kg),Hortikultura
2009-01-01,16158.52,Cabai Merah,(Rp/kg),Hortikultura
2009-02-01,16320.45,Cabai Merah,(Rp/kg),Hortikultura
2009-03-01,16055.38,Cabai Merah,(Rp/kg),Hortikultura
2009-04-01,15205.8,Cabai Merah,(Rp/kg),Hortikultura
2009-05-01,14789.54,Cabai Merah,(Rp/kg),Hortikultura
2009-06-01,14320.37,Cabai Merah,(Rp/kg),Hortikultura
2009-07-01,14515.39,Cabai Merah,(Rp/kg),Hortikultura
2009-08-01,14621.86,Cabai Merah,(Rp/kg),Hortikultura
2009-09-01,15765.43,Cabai Merah,(Rp/kg),Hortikultura
2009-10-01,16455.98,Cabai Merah,(Rp/kg),Hortikultura
2009-11-01,16522.03,Cabai Merah,(Rp/kg),Hortikultura
2009-12-01,15822.03,Cabai Merah,(Rp/kg),Hortikultura
2010-01-01,15992.58,Cabai Merah,(Rp/kg),Hortikultura
2010-02-01,16194.01,Cabai Merah,(Rp/kg),Hortikultura
2010-03-01,15838.51,Cabai Merah,(Rp/kg),Hortikultura
2010-04-01,16195.65,Cabai Merah,(Rp/kg),Hortikultura
2010-05-01,16150.68,Cabai Merah,(Rp/kg),Hortikultura
2010-06-01,16605.09,Cabai Merah,(Rp/kg),Hortikultura
2010-07-01,18979.71,Cabai Merah,(Rp/kg),Hortikultura
2010-08-01,16338.55,Cabai Merah,(Rp/kg),Hortikultura
2010-09-01,15984.42,Cabai Merah,(Rp/kg),Hortikultura
2010-10-01,15386.02,Cabai Merah,(Rp/kg),Hortikultura
2010-11-01,15873.11,Cabai Merah,(Rp/kg),Hortikultura
2010-12-01,16578.88,Cabai Merah,(Rp/kg),Hortikultura
2011-01-01,19303.24,Cabai Merah,(Rp/kg),Hortikultura
2011-02-01,19191.26,Cabai Merah,(Rp/kg),Hortikultura
2011-03-01,18088.65,Cabai Merah,(Rp/kg),Hortikultura
2011-04-01,17085.53,Cabai Merah,(Rp/kg),Hortikultura
2011-05-01,16028.9,Cabai Merah,(Rp/kg),Hortikultura
2011-06-01,15207.69,Cabai Merah,(Rp/kg),Hortikultura
2011-07-01,15140.53,Cabai Merah,(Rp/kg),Hortikultura
2011-08-01,15221.76,Cabai Merah,(Rp/kg),Hortikultura
2011-09-01,16002.84,Cabai Merah,(Rp/kg),Hortikultura
2011-10-01,16973.68,Cabai Merah,(Rp/kg),Hortikultura
2011-11-01,18361.82,Cabai Merah,(Rp/kg),Hortikultura
2011-12-01,19602.76,Cabai Merah,(Rp/kg),Hortikultura
2012-01-01,19825.03,Cabai Merah,(Rp/kg),Hortikultura
2012-02-01,19591.66,Cabai Merah,(Rp/kg),Hortikultura
2012-03-01,19483.45,Cabai Merah,(Rp/kg),Hortikultura
2012-04-01,19416.98,Cabai Merah,(Rp/kg),Hortikultura
2012-05-01,19194.3,Cabai Merah,(Rp/kg),Hortikultura
2012-06-01,19613.42,Cabai Merah,(Rp/kg),Hortikultura
2012-07-01,19571.6,Cabai Merah,(Rp/kg),Hortikultura
2012-08-01,19299.6,Cabai Merah,(Rp/kg),Hortikultura
2012-09-01,18856.37,Cabai Merah,(Rp/kg),Hortikultura
2012-10-01,18816.97,Cabai Merah,(Rp/kg),Hortikultura
2012-11-01,18435.65,Cabai Merah,(Rp/kg),Hortikultura
2012-12-01,18377.69,Cabai Merah,(Rp/kg),Hortikultura
2013-01-01,18601.05,Cabai Merah,(Rp/kg),Hortikultura
2013-02-01,18870.34,Cabai Merah,(Rp/kg),Hortikultura
2013-03-01,19088.94,Cabai Merah,(Rp/kg),Hortikultura
2013-04-01,18718.92,Cabai Merah,(Rp/kg),Hortikultura
2013-05-01,19441.61,Cabai Merah,(Rp/kg),Hortikultura
2013-06-01,19858.21,Cabai Merah,(Rp/kg),Hortikultura
2013-07-01,20546.17,Cabai Merah,(Rp/kg),Hortikultura
2013-08-01,20342.81,Cabai Merah,(Rp/kg),Hortikultura
2013-09-01,19526.47,Cabai Merah,(Rp/kg),Hortikultura
2013-10-01,19843.45,Cabai Merah,(Rp/kg),Hortikultura
2013-11-01,19881.87,Cabai Merah,(Rp/kg),Hortikultura
2013-12-01,19557.37,Cabai Merah,(Rp/kg),Hortikultura
2014-01-01,20021.38,Cabai Merah,(Rp/kg),Hortikultura
2014-02-01,19581.04,Cabai Merah,(Rp/kg),Hortikultura
2014-03-01,19087.99,Cabai Merah,(Rp/kg),Hortikultura
2014-04-01,18805.2,Cabai Merah,(Rp/kg),Hortikultura
2014-05-01,18322.21,Cabai Merah,(Rp/kg),Hortikultura
2014-06-01,17840.28,Cabai Merah,(Rp/kg),Hortikultura
2014-07-01,17906.98,Cabai Merah,(Rp/kg),Hortikultura
2014-08-01,18156.2,Cabai Merah,(Rp/kg),Hortikultura
2014-09-01,18760.1,Cabai Merah,(Rp/kg),Hortikultura
2014-10-01,19782.83,Cabai Merah,(Rp/kg),Hortikultura
2014-11-01,20752.09,Cabai Merah,(Rp/kg),Hortikultura
2014-12-01,21830.02,Cabai Merah,(Rp/kg),Hortikultura
2015-01-01,22405.94,Cabai Merah,(Rp/kg),Hortikultura
2015-02-01,21071.87,Cabai Merah,(Rp/kg),Hortikultura
2015-03-01,20588.16,Cabai Merah,(Rp/kg),Hortikultura
2015-04-01,19722.85,Cabai Merah,(Rp/kg),Hortikultura
2015-05-01,20564.44,Cabai Merah,(Rp/kg),Hortikultura
2015-06-01,21316.64,Cabai Merah,(Rp/kg),Hortikultura
2015-07-01,21579.45,Cabai Merah,(Rp/kg),Hortikultura
2015-08-01,21776.52,Cabai Merah,(Rp/kg),Hortikultura
2015-09-01,21268.72,Cabai Merah,(Rp/kg),Hortikultura
2015-10-01,20134.21,Cabai Merah,(Rp/kg),Hortikultura
2015-11-01,20178.33,Cabai Merah,(Rp/kg),Hortikultura
2015-12-01,21121.48,Cabai Merah,(Rp/kg),Hortikultura
2016-01-01,21237.09,Cabai Merah,(Rp/kg),Hortikultura
2016-02-01,21387.07,Cabai Merah,(Rp/kg),Hortikultura
2016-03-01,22507.67,Cabai Merah,(Rp/kg),Hortikultura
2016-04-01,21533.37,Cabai Merah,(Rp/kg),Hortikultura
2016-05-01,21397.34,Cabai Merah,(Rp/kg),Hortikultura
2016-06-01,21066.99,Cabai Merah,(Rp/kg),Hortikultura
2016-07-01,20985.44,Cabai Merah,(Rp/kg),Hortikultura
2016-08-01,21411.82,Cabai Merah,(Rp/kg),Hortikultura
2016-09-01,22200.92,Cabai Merah,(Rp/kg),Hortikultura
2016-10-01,22837.99,Cabai Merah,(Rp/kg),Hortikultura
2016-11-01,23731.36,Cabai Merah,(Rp/kg),Hortikultura
2016-12-01,23060.52,Cabai Merah,(Rp/kg),Hortikultura
2017-01-01,36588.6,Cabai Merah,(Rp/kg),Hortikultura
2017-02-01,35914.64,Cabai Merah,(Rp/kg),Hortikultura
2017-03-01,34893.69,Cabai Merah,(Rp/kg),Hortikultura
2017-04-01,34028.6,Cabai Merah,(Rp/kg),Hortikultura
2017-05-01,34736.24,Cabai Merah,(Rp/kg),Hortikultura
2017-06-01,33322.72,Cabai Merah,(Rp/kg),Hortikultura
2017-07-01,33750.66,Cabai Merah,(Rp/kg),Hortikultura
2017-08-01,34613.51,Cabai Merah,(Rp/kg),Hortikultura
2017-09-01,34994.61,Cabai Merah,(Rp/kg),Hortikultura
2017-10-01,35663.56,Cabai Merah,(Rp/kg),Hortikultura
2017-11-01,36227.86,Cabai Merah,(Rp/kg),Hortikultura
2017-12-01,36963.73,Cabai Merah,(Rp/kg),Hortikultura
2018-01-01,25915.53,Cabai Merah,(Rp/kg),Hortikultura
2018-02-01,26281.92,Cabai Merah,(Rp/kg),Hortikultura
2018-03-01,27066.05,Cabai Merah,(Rp/kg),Hortikultura
2018-04-01,27059.53,Cabai Merah,(Rp/kg),Hortikultura
2018-05-01,26238.87,Cabai Merah,(Rp/kg),Hortikultura
2018-06-01,25444.81,Cabai Merah,(Rp/kg),Hortikultura
2018-07-01,25746.01,Cabai Merah,(Rp/kg),Hortikultura
2018-08-01,25425.1,Cabai Merah,(Rp/kg),Hortikultura
2018-09-01,25004.41,Cabai Merah,(Rp/kg),Hortikultura
2018-10-01,25393.71,Cabai Merah,(Rp/kg),Hortikultura
2018-11-01,25001.71,Cabai Merah,(Rp/kg),Hortikultura
2018-12-01,24679.45,Cabai Merah,(Rp/kg),Hortikultura
2019-01-01,24541.45,Cabai Merah,(Rp/kg),Hortikultura
2019-02-01,23758.61,Cabai Merah,(Rp/kg),Hortikultura
2019-03-01,24176.52,Cabai Merah,(Rp/kg),Hortikultura
2019-04-01,24617.36,Cabai Merah,(Rp/kg),Hortikultura
2019-05-01,25972.64,Cabai Merah,(Rp/kg),Hortikultura
2019-06-01,27181.35,Cabai Merah,(Rp/kg),Hortikultura
2019-07-01,28623.22,Cabai Merah,(Rp/kg),Hortikultura
2019-08-01,30253.97,Cabai Merah,(Rp/kg),Hortikultura
2019-09-01,29472.53,Cabai Merah,(Rp/kg),Hortikultura
2019-10-01,29049.31,Cabai Merah,(Rp/kg),Hortikultura
2019-11-01,27962.06,Cabai Merah,(Rp/kg),Hortikultura
2019-12-01,26583.46,Cabai Merah,(Rp/kg),Hortikultura
2020-01-01,27383.11,Cabai Merah,(Rp/kg),Hortikultura
2020-02-01,28594.36,Cabai Merah,(Rp/kg),Hortikultura
2020-03-01,26772.38,Cabai Merah,(Rp/kg),Hortikultura
2020-04-01,25560.48,Cabai Merah,(Rp/kg),Hortikultura
2020-05-01,24026.72,Cabai Merah,(Rp/kg),Hortikultura
2020-06-01,23899.15,Cabai Merah,(Rp/kg),Hortikultura
2020-07-01,24526.27,Cabai Merah,(Rp/kg),Hortikultura
2020-08-01,25125.34,Cabai Merah,(Rp/kg),Hortikultura
2020-09-01,25831.39,Cabai Merah,(Rp/kg),Hortikultura
2020-10-01,27131.77,Cabai Merah,(Rp/kg),Hortikultura
2020-11-01,27755.78,Cabai Merah,(Rp/kg),Hortikultura
2020-12-01,29087.89,Cabai Merah,(Rp/kg),Hortikultura
2009-01-01,17618.91,Cabai Rawit,(Rp/kg),Hortikultura
2009-02-01,18425.71,Cabai Rawit,(Rp/kg),Hortikultura
2009-03-01,18961.42,Cabai Rawit,(Rp/kg),Hortikultura
2009-04-01,18048.63,Cabai Rawit,(Rp/kg),Hortikultura
2009-05-01,17306.57,Cabai Rawit,(Rp/kg),Hortikultura
2009-06-01,17303.43,Cabai Rawit,(Rp/kg),Hortikultura
2009-07-01,17637.42,Cabai Rawit,(Rp/kg),Hortikultura
2009-08-01,17274.55,Cabai Rawit,(Rp/kg),Hortikultura
2009-09-01,17886.29,Cabai Rawit,(Rp/kg),Hortikultura
2009-10-01,18382.03,Cabai Rawit,(Rp/kg),Hortikultura
2009-11-01,18960.34,Cabai Rawit,(Rp/kg),Hortikultura
2009-12-01,18313.35,Cabai Rawit,(Rp/kg),Hortikultura
2010-01-01,18027.81,Cabai Rawit,(Rp/kg),Hortikultura
2010-02-01,18058.91,Cabai Rawit,(Rp/kg),Hortikultura
2010-03-01,17944.09,Cabai Rawit,(Rp/kg),Hortikultura
2010-04-01,18010.57,Cabai Rawit,(Rp/kg),Hortikultura
2010-05-01,18054.75,Cabai Rawit,(Rp/kg),Hortikultura
2010-06-01,18199.2,Cabai Rawit,(Rp/kg),Hortikultura
2010-07-01,20777.1,Cabai Rawit,(Rp/kg),Hortikultura
2010-08-01,19405.32,Cabai Rawit,(Rp/kg),Hortikultura
2010-09-01,20128.53,Cabai Rawit,(Rp/kg),Hortikultura
2010-10-01,19433.73,Cabai Rawit,(Rp/kg),Hortikultura
2010-11-01,19810.11,Cabai Rawit,(Rp/kg),Hortikultura
2010-12-01,20795.2,Cabai Rawit,(Rp/kg),Hortikultura
2011-01-01,25190.55,Cabai Rawit,(Rp/kg),Hortikultura
2011-02-01,26777.27,Cabai Rawit,(Rp/kg),Hortikultura
2011-03-01,25134.08,Cabai Rawit,(Rp/kg),Hortikultura
2011-04-01,23704.21,Cabai Rawit,(Rp/kg),Hortikultura
2011-05-01,22694.05,Cabai Rawit,(Rp/kg),Hortikultura
2011-06-01,21821.71,Cabai Rawit,(Rp/kg),Hortikultura
2011-07-01,21550.47,Cabai Rawit,(Rp/kg),Hortikultura
2011-08-01,21838.19,Cabai Rawit,(Rp/kg),Hortikultura
2011-09-01,22170.6,Cabai Rawit,(Rp/kg),Hortikultura
2011-10-01,23106.95,Cabai Rawit,(Rp/kg),Hortikultura
2011-11-01,23952.19,Cabai Rawit,(Rp/kg),Hortikultura
2011-12-01,23696.56,Cabai Rawit,(Rp/kg),Hortikultura
2012-01-01,23555.08,Cabai Rawit,(Rp/kg),Hortikultura
2012-02-01,23290.76,Cabai Rawit,(Rp/kg),Hortikultura
2012-03-01,23251.43,Cabai Rawit,(Rp/kg),Hortikultura
2012-04-01,23272.28,Cabai Rawit,(Rp/kg),Hortikultura
2012-05-01,23319.51,Cabai Rawit,(Rp/kg),Hortikultura
2012-06-01,23227.97,Cabai Rawit,(Rp/kg),Hortikultura
2012-07-01,23557.94,Cabai Rawit,(Rp/kg),Hortikultura
2012-08-01,24010.42,Cabai Rawit,(Rp/kg),Hortikultura
2012-09-01,23633.7,Cabai Rawit,(Rp/kg),Hortikultura
2012-10-01,23799.05,Cabai Rawit,(Rp/kg),Hortikultura
2012-11-01,23565.68,Cabai Rawit,(Rp/kg),Hortikultura
2012-12-01,23375.36,Cabai Rawit,(Rp/kg),Hortikultura
2013-01-01,23739.47,Cabai Rawit,(Rp/kg),Hortikultura
2013-02-01,23921.75,Cabai Rawit,(Rp/kg),Hortikultura
2013-03-01,24282.18,Cabai Rawit,(Rp/kg),Hortikultura
2013-04-01,24263.67,Cabai Rawit,(Rp/kg),Hortikultura
2013-05-01,24183.11,Cabai Rawit,(Rp/kg),Hortikultura
2013-06-01,24296.94,Cabai Rawit,(Rp/kg),Hortikultura
2013-07-01,25269.94,Cabai Rawit,(Rp/kg),Hortikultura
2013-08-01,25170.22,Cabai Rawit,(Rp/kg),Hortikultura
2013-09-01,24641.81,Cabai Rawit,(Rp/kg),Hortikultura
2013-10-01,24591.54,Cabai Rawit,(Rp/kg),Hortikultura
2013-11-01,24376.07,Cabai Rawit,(Rp/kg),Hortikultura
2013-12-01,24562.49,Cabai Rawit,(Rp/kg),Hortikultura
2014-01-01,24575.59,Cabai Rawit,(Rp/kg),Hortikultura
2014-02-01,25541.78,Cabai Rawit,(Rp/kg),Hortikultura
2014-03-01,26073.75,Cabai Rawit,(Rp/kg),Hortikultura
2014-04-01,26990.2,Cabai Rawit,(Rp/kg),Hortikultura
2014-05-01,26181.99,Cabai Rawit,(Rp/kg),Hortikultura
2014-06-01,25876.36,Cabai Rawit,(Rp/kg),Hortikultura
2014-07-01,26034.7,Cabai Rawit,(Rp/kg),Hortikultura
2014-08-01,26407.24,Cabai Rawit,(Rp/kg),Hortikultura
2014-09-01,26826.91,Cabai Rawit,(Rp/kg),Hortikultura
2014-10-01,27231.35,Cabai Rawit,(Rp/kg),Hortikultura
2014-11-01,28211.31,Cabai Rawit,(Rp/kg),Hortikultura
2014-12-01,29993.15,Cabai Rawit,(Rp/kg),Hortikultura
2015-01-01,30171.92,Cabai Rawit,(Rp/kg),Hortikultura
2015-02-01,28981.26,Cabai Rawit,(Rp/kg),Hortikultura
2015-03-01,28973.63,Cabai Rawit,(Rp/kg),Hortikultura
2015-04-01,28177.63,Cabai Rawit,(Rp/kg),Hortikultura
2015-05-01,27959.17,Cabai Rawit,(Rp/kg),Hortikultura
2015-06-01,28559.61,Cabai Rawit,(Rp/kg),Hortikultura
2015-07-01,28459.52,Cabai Rawit,(Rp/kg),Hortikultura
2015-08-01,29795.12,Cabai Rawit,(Rp/kg),Hortikultura
2015-09-01,29604.43,Cabai Rawit,(Rp/kg),Hortikultura
2015-10-01,28384.43,Cabai Rawit,(Rp/kg),Hortikultura
2015-11-01,28669,Cabai Rawit,(Rp/kg),Hortikultura
2015-12-01,29753.59,Cabai Rawit,(Rp/kg),Hortikultura
2016-01-01,29259.06,Cabai Rawit,(Rp/kg),Hortikultura
2016-02-01,29019.37,Cabai Rawit,(Rp/kg),Hortikultura
2016-03-01,30321.65,Cabai Rawit,(Rp/kg),Hortikultura
2016-04-01,28915.66,Cabai Rawit,(Rp/kg),Hortikultura
2016-05-01,28183.22,Cabai Rawit,(Rp/kg),Hortikultura
2016-06-01,27933.58,Cabai Rawit,(Rp/kg),Hortikultura
2016-07-01,28037.63,Cabai Rawit,(Rp/kg),Hortikultura
2016-08-01,29012.12,Cabai Rawit,(Rp/kg),Hortikultura
2016-09-01,28916.26,Cabai Rawit,(Rp/kg),Hortikultura
2016-10-01,28660.39,Cabai Rawit,(Rp/kg),Hortikultura
2016-11-01,29822.92,Cabai Rawit,(Rp/kg),Hortikultura
2016-12-01,30250.7,Cabai Rawit,(Rp/kg),Hortikultura
2017-01-01,38391.49,Cabai Rawit,(Rp/kg),Hortikultura
2017-02-01,40434.02,Cabai Rawit,(Rp/kg),Hortikultura
2017-03-01,39690.68,Cabai Rawit,(Rp/kg),Hortikultura
2017-04-01,37465.77,Cabai Rawit,(Rp/kg),Hortikultura
2017-05-01,36243.07,Cabai Rawit,(Rp/kg),Hortikultura
2017-06-01,34656.65,Cabai Rawit,(Rp/kg),Hortikultura
2017-07-01,34776.75,Cabai Rawit,(Rp/kg),Hortikultura
2017-08-01,33799.1,Cabai Rawit,(Rp/kg),Hortikultura
2017-09-01,33097.76,Cabai Rawit,(Rp/kg),Hortikultura
2017-10-01,32778.21,Cabai Rawit,(Rp/kg),Hortikultura
2017-11-01,32729.78,Cabai Rawit,(Rp/kg),Hortikultura
2017-12-01,33313.9,Cabai Rawit,(Rp/kg),Hortikultura
2018-01-01,29908.71,Cabai Rawit,(Rp/kg),Hortikultura
2018-02-01,29837.9,Cabai Rawit,(Rp/kg),Hortikultura
2018-03-01,30526.82,Cabai Rawit,(Rp/kg),Hortikultura
2018-04-01,30080.8,Cabai Rawit,(Rp/kg),Hortikultura
2018-05-01,28816.47,Cabai Rawit,(Rp/kg),Hortikultura
2018-06-01,28552.44,Cabai Rawit,(Rp/kg),Hortikultura
2018-07-01,29664.24,Cabai Rawit,(Rp/kg),Hortikultura
2018-08-01,29662.05,Cabai Rawit,(Rp/kg),Hortikultura
2018-09-01,28766.33,Cabai Rawit,(Rp/kg),Hortikultura
2018-10-01,29135.68,Cabai Rawit,(Rp/kg),Hortikultura
2018-11-01,28605.17,Cabai Rawit,(Rp/kg),Hortikultura
2018-12-01,28838.38,Cabai Rawit,(Rp/kg),Hortikultura
2019-01-01,29130.67,Cabai Rawit,(Rp/kg),Hortikultura
2019-02-01,28525.13,Cabai Rawit,(Rp/kg),Hortikultura
2019-03-01,29179.55,Cabai Rawit,(Rp/kg),Hortikultura
2019-04-01,29330.46,Cabai Rawit,(Rp/kg),Hortikultura
2019-05-01,30349.23,Cabai Rawit,(Rp/kg),Hortikultura
2019-06-01,30501.74,Cabai Rawit,(Rp/kg),Hortikultura
2019-07-01,32072.01,Cabai Rawit,(Rp/kg),Hortikultura
2019-08-01,34384.84,Cabai Rawit,(Rp/kg),Hortikultura
2019-09-01,33854.25,Cabai Rawit,(Rp/kg),Hortikultura
2019-10-01,33365.5,Cabai Rawit,(Rp/kg),Hortikultura
2019-11-01,32490.04,Cabai Rawit,(Rp/kg),Hortikultura
2019-12-01,30532.24,Cabai Rawit,(Rp/kg),Hortikultura
2020-01-01,31499.91,Cabai Rawit,(Rp/kg),Hortikultura
2020-02-01,32116.07,Cabai Rawit,(Rp/kg),Hortikultura
2020-03-01,30354.47,Cabai Rawit,(Rp/kg),Hortikultura
2020-04-01,29920.14,Cabai Rawit,(Rp/kg),Hortikultura
2020-05-01,28050.69,Cabai Rawit,(Rp/kg),Hortikultura
2020-06-01,28192.62,Cabai Rawit,(Rp/kg),Hortikultura
2020-07-01,28592.71,Cabai Rawit,(Rp/kg),Hortikultura
2020-08-01,28690.76,Cabai Rawit,(Rp/kg),Hortikultura
2020-09-01,28192.91,Cabai Rawit,(Rp/kg),Hortikultura
2020-10-01,28736.91,Cabai Rawit,(Rp/kg),Hortikultura
2020-11-01,29124.15,Cabai Rawit,(Rp/kg),Hortikultura
2020-12-01,30638.99,Cabai Rawit,(Rp/kg),Hortikultura
2009-01-01,1692.16,Kelapa,(Rp/butir),Perkebunan
2009-02-01,1655.09,Kelapa,(Rp/butir),Perkebunan
2009-03-01,1621.3,Kelapa,(Rp/butir),Perkebunan
2009-04-01,1606.07,Kelapa,(Rp/butir),Perkebunan
2009-05-01,1579.17,Kelapa,(Rp/butir),Perkebunan
2009-06-01,1564.54,Kelapa,(Rp/butir),Perkebunan
2009-07-01,1547.17,Kelapa,(Rp/butir),Perkebunan
2009-08-01,1545.84,Kelapa,(Rp/butir),Perkebunan
2009-09-01,1590.93,Kelapa,(Rp/butir),Perkebunan
2009-10-01,1577.14,Kelapa,(Rp/butir),Perkebunan
2009-11-01,1580.84,Kelapa,(Rp/butir),Perkebunan
2009-12-01,1583.63,Kelapa,(Rp/butir),Perkebunan
2010-01-01,1597.4,Kelapa,(Rp/butir),Perkebunan
2010-02-01,1588.55,Kelapa,(Rp/butir),Perkebunan
2010-03-01,1591.7,Kelapa,(Rp/butir),Perkebunan
2010-04-01,1600.21,Kelapa,(Rp/butir),Perkebunan
2010-05-01,1605.44,Kelapa,(Rp/butir),Perkebunan
2010-06-01,1607.97,Kelapa,(Rp/butir),Perkebunan
2010-07-01,1615.52,Kelapa,(Rp/butir),Perkebunan
2010-08-01,1663.01,Kelapa,(Rp/butir),Perkebunan
2010-09-01,1676.73,Kelapa,(Rp/butir),Perkebunan
2010-10-01,1675.78,Kelapa,(Rp/butir),Perkebunan
2010-11-01,1691.11,Kelapa,(Rp/butir),Perkebunan
2010-12-01,1700.68,Kelapa,(Rp/butir),Perkebunan
2011-01-01,1719.22,Kelapa,(Rp/butir),Perkebunan
2011-02-01,1738.58,Kelapa,(Rp/butir),Perkebunan
2011-03-01,1746,Kelapa,(Rp/butir),Perkebunan
2011-04-01,1754.57,Kelapa,(Rp/butir),Perkebunan
2011-05-01,1782.64,Kelapa,(Rp/butir),Perkebunan
2011-06-01,1788.16,Kelapa,(Rp/butir),Perkebunan
2011-07-01,1799.64,Kelapa,(Rp/butir),Perkebunan
2011-08-01,1837.14,Kelapa,(Rp/butir),Perkebunan
2011-09-01,1807.84,Kelapa,(Rp/butir),Perkebunan
2011-10-01,1800.82,Kelapa,(Rp/butir),Perkebunan
2011-11-01,1812.84,Kelapa,(Rp/butir),Perkebunan
2011-12-01,1819.57,Kelapa,(Rp/butir),Perkebunan
2012-01-01,1822.01,Kelapa,(Rp/butir),Perkebunan
2012-02-01,1832.01,Kelapa,(Rp/butir),Perkebunan
2012-03-01,1838.91,Kelapa,(Rp/butir),Perkebunan
2012-04-01,1841.25,Kelapa,(Rp/butir),Perkebunan
2012-05-01,1839.72,Kelapa,(Rp/butir),Perkebunan
2012-06-01,1839.92,Kelapa,(Rp/butir),Perkebunan
2012-07-01,1846.08,Kelapa,(Rp/butir),Perkebunan
2012-08-01,1870.8,Kelapa,(Rp/butir),Perkebunan
2012-09-01,1862.34,Kelapa,(Rp/butir),Perkebunan
2012-10-01,1854.72,Kelapa,(Rp/butir),Perkebunan
2012-11-01,1855.94,Kelapa,(Rp/butir),Perkebunan
2012-12-01,1869.71,Kelapa,(Rp/butir),Perkebunan
2013-01-01,1872.81,Kelapa,(Rp/butir),Perkebunan
2013-02-01,1872.37,Kelapa,(Rp/butir),Perkebunan
2013-03-01,1881.97,Kelapa,(Rp/butir),Perkebunan
2013-04-01,1899.68,Kelapa,(Rp/butir),Perkebunan
2013-05-01,1910.17,Kelapa,(Rp/butir),Perkebunan
2013-06-01,1917.89,Kelapa,(Rp/butir),Perkebunan
2013-07-01,1952.1,Kelapa,(Rp/butir),Perkebunan
2013-08-01,1988.23,Kelapa,(Rp/butir),Perkebunan
2013-09-01,1983.76,Kelapa,(Rp/butir),Perkebunan
2013-10-01,2001.62,Kelapa,(Rp/butir),Perkebunan
2013-11-01,2027.4,Kelapa,(Rp/butir),Perkebunan
2013-12-01,2042.12,Kelapa,(Rp/butir),Perkebunan
2014-01-01,2059.83,Kelapa,(Rp/butir),Perkebunan
2014-02-01,2058.04,Kelapa,(Rp/butir),Perkebunan
2014-03-01,2089.45,Kelapa,(Rp/butir),Perkebunan
2014-04-01,2093.54,Kelapa,(Rp/butir),Perkebunan
2014-05-01,2082.81,Kelapa,(Rp/butir),Perkebunan
2014-06-01,2112.61,Kelapa,(Rp/butir),Perkebunan
2014-07-01,2176.17,Kelapa,(Rp/butir),Perkebunan
2014-08-01,2167.41,Kelapa,(Rp/butir),Perkebunan
2014-09-01,2155.06,Kelapa,(Rp/butir),Perkebunan
2014-10-01,2175.77,Kelapa,(Rp/butir),Perkebunan
2014-11-01,2186.44,Kelapa,(Rp/butir),Perkebunan
2014-12-01,2210.36,Kelapa,(Rp/butir),Perkebunan
2015-01-01,2217.84,Kelapa,(Rp/butir),Perkebunan
2015-02-01,2227.99,Kelapa,(Rp/butir),Perkebunan
2015-03-01,2235.3,Kelapa,(Rp/butir),Perkebunan
2015-04-01,2242.48,Kelapa,(Rp/butir),Perkebunan
2015-05-01,2274.29,Kelapa,(Rp/butir),Perkebunan
2015-06-01,2342.7,Kelapa,(Rp/butir),Perkebunan
2015-07-01,2409.47,Kelapa,(Rp/butir),Perkebunan
2015-08-01,2413.69,Kelapa,(Rp/butir),Perkebunan
2015-09-01,2393.66,Kelapa,(Rp/butir),Perkebunan
2015-10-01,2406.32,Kelapa,(Rp/butir),Perkebunan
2015-11-01,2430.05,Kelapa,(Rp/butir),Perkebunan
2015-12-01,2463.94,Kelapa,(Rp/butir),Perkebunan
2016-01-01,2482.33,Kelapa,(Rp/butir),Perkebunan
2016-02-01,2525.43,Kelapa,(Rp/butir),Perkebunan
2016-03-01,2561.13,Kelapa,(Rp/butir),Perkebunan
2016-04-01,2590.41,Kelapa,(Rp/butir),Perkebunan
2016-05-01,2619.17,Kelapa,(Rp/butir),Perkebunan
2016-06-01,2730.31,Kelapa,(Rp/butir),Perkebunan
2016-07-01,2781.58,Kelapa,(Rp/butir),Perkebunan
2016-08-01,2778.85,Kelapa,(Rp/butir),Perkebunan
2016-09-01,2813.1,Kelapa,(Rp/butir),Perkebunan
2016-10-01,2833.34,Kelapa,(Rp/butir),Perkebunan
2016-11-01,2884.36,Kelapa,(Rp/butir),Perkebunan
2016-12-01,2912.03,Kelapa,(Rp/butir),Perkebunan
2017-01-01,2742.36,Kelapa,(Rp/butir),Perkebunan
2017-02-01,2747.71,Kelapa,(Rp/butir),Perkebunan
2017-03-01,2758.88,Kelapa,(Rp/butir),Perkebunan
2017-04-01,2777.16,Kelapa,(Rp/butir),Perkebunan
2017-05-01,2805.56,Kelapa,(Rp/butir),Perkebunan
2017-06-01,2919.11,Kelapa,(Rp/butir),Perkebunan
2017-07-01,2913.11,Kelapa,(Rp/butir),Perkebunan
2017-08-01,2890.41,Kelapa,(Rp/butir),Perkebunan
2017-09-01,2879.93,Kelapa,(Rp/butir),Perkebunan
2017-10-01,2863.76,Kelapa,(Rp/butir),Perkebunan
2017-11-01,2863.6,Kelapa,(Rp/butir),Perkebunan
2017-12-01,2857.48,Kelapa,(Rp/butir),Perkebunan
2018-01-01,2870.26,Kelapa,(Rp/butir),Perkebunan
2018-02-01,2840.93,Kelapa,(Rp/butir),Perkebunan
2018-03-01,2799.93,Kelapa,(Rp/butir),Perkebunan
2018-04-01,2764.39,Kelapa,(Rp/butir),Perkebunan
2018-05-01,2779.25,Kelapa,(Rp/butir),Perkebunan
2018-06-01,2806.98,Kelapa,(Rp/butir),Perkebunan
2018-07-01,2724.04,Kelapa,(Rp/butir),Perkebunan
2018-08-01,2680.44,Kelapa,(Rp/butir),Perkebunan
2018-09-01,2654.83,Kelapa,(Rp/butir),Perkebunan
2018-10-01,2618.03,Kelapa,(Rp/butir),Perkebunan
2018-11-01,2628.82,Kelapa,(Rp/butir),Perkebunan
2018-12-01,2629.63,Kelapa,(Rp/butir),Perkebunan
2019-01-01,2533.15,Kelapa,(Rp/butir),Perkebunan
2019-02-01,2541.36,Kelapa,(Rp/butir),Perkebunan
2019-03-01,2568.75,Kelapa,(Rp/butir),Perkebunan
2019-04-01,2592.24,Kelapa,(Rp/butir),Perkebunan
2019-05-01,2757.62,Kelapa,(Rp/butir),Perkebunan
2019-06-01,2757.56,Kelapa,(Rp/butir),Perkebunan
2019-07-01,2742.61,Kelapa,(Rp/butir),Perkebunan
2019-08-01,2742.77,Kelapa,(Rp/butir),Perkebunan
2019-09-01,2736.41,Kelapa,(Rp/butir),Perkebunan
2019-10-01,2746.09,Kelapa,(Rp/butir),Perkebunan
2019-11-01,2766.34,Kelapa,(Rp/butir),Perkebunan
2019-12-01,2792.85,Kelapa,(Rp/butir),Perkebunan
2020-01-01,2897.49,Kelapa,(Rp/butir),Perkebunan
2020-02-01,2907.15,Kelapa,(Rp/butir),Perkebunan
2020-03-01,2927.62,Kelapa,(Rp/butir),Perkebunan
2020-04-01,2948.28,Kelapa,(Rp/butir),Perkebunan
2020-05-01,3000.38,Kelapa,(Rp/butir),Perkebunan
2020-06-01,2992.72,Kelapa,(Rp/butir),Perkebunan
2020-07-01,3003.18,Kelapa,(Rp/butir),Perkebunan
2020-08-01,3002.98,Kelapa,(Rp/butir),Perkebunan
2020-09-01,3028.29,Kelapa,(Rp/butir),Perkebunan
2020-10-01,3060.38,Kelapa,(Rp/butir),Perkebunan
2020-11-01,3110.62,Kelapa,(Rp/butir),Perkebunan
2020-12-01,3154.05,Kelapa,(Rp/butir),Perkebunan
2009-01-01,14277.04,Kopi,(Rp/kg),Perkebunan
2009-02-01,14237.41,Kopi,(Rp/kg),Perkebunan
2009-03-01,14305.22,Kopi,(Rp/kg),Perkebunan
2009-04-01,14403.63,Kopi,(Rp/kg),Perkebunan
2009-05-01,14271.65,Kopi,(Rp/kg),Perkebunan
2009-06-01,14026.18,Kopi,(Rp/kg),Perkebunan
2009-07-01,13680.33,Kopi,(Rp/kg),Perkebunan
2009-08-01,13697.89,Kopi,(Rp/kg),Perkebunan
2009-09-01,13825.07,Kopi,(Rp/kg),Perkebunan
2009-10-01,13685.72,Kopi,(Rp/kg),Perkebunan
2009-11-01,13730.53,Kopi,(Rp/kg),Perkebunan
2009-12-01,13941.29,Kopi,(Rp/kg),Perkebunan
2010-01-01,13662.21,Kopi,(Rp/kg),Perkebunan
2010-02-01,13931.69,Kopi,(Rp/kg),Perkebunan
2010-03-01,13842.36,Kopi,(Rp/kg),Perkebunan
2010-04-01,14081.21,Kopi,(Rp/kg),Perkebunan
2010-05-01,14134.27,Kopi,(Rp/kg),Perkebunan
2010-06-01,14075.22,Kopi,(Rp/kg),Perkebunan
2010-07-01,14174.47,Kopi,(Rp/kg),Perkebunan
2010-08-01,14489.22,Kopi,(Rp/kg),Perkebunan
2010-09-01,14523.08,Kopi,(Rp/kg),Perkebunan
2010-10-01,14515.51,Kopi,(Rp/kg),Perkebunan
2010-11-01,14513.51,Kopi,(Rp/kg),Perkebunan
2010-12-01,14660.94,Kopi,(Rp/kg),Perkebunan
2011-01-01,14808.22,Kopi,(Rp/kg),Perkebunan
2011-02-01,15068.02,Kopi,(Rp/kg),Perkebunan
2011-03-01,15264.04,Kopi,(Rp/kg),Perkebunan
2011-04-01,15476.45,Kopi,(Rp/kg),Perkebunan
2011-05-01,15760.49,Kopi,(Rp/kg),Perkebunan
2011-06-01,15830.14,Kopi,(Rp/kg),Perkebunan
2011-07-01,15911.91,Kopi,(Rp/kg),Perkebunan
2011-08-01,15976.5,Kopi,(Rp/kg),Perkebunan
2011-09-01,15987.06,Kopi,(Rp/kg),Perkebunan
2011-10-01,15974.29,Kopi,(Rp/kg),Perkebunan
2011-11-01,16015.12,Kopi,(Rp/kg),Perkebunan
2011-12-01,15989.58,Kopi,(Rp/kg),Perkebunan
2012-01-01,16444.73,Kopi,(Rp/kg),Perkebunan
2012-02-01,16528.8,Kopi,(Rp/kg),Perkebunan
2012-03-01,16337.17,Kopi,(Rp/kg),Perkebunan
2012-04-01,16356.98,Kopi,(Rp/kg),Perkebunan
2012-05-01,16319.55,Kopi,(Rp/kg),Perkebunan
2012-06-01,16364.03,Kopi,(Rp/kg),Perkebunan
2012-07-01,16444.52,Kopi,(Rp/kg),Perkebunan
2012-08-01,16473.66,Kopi,(Rp/kg),Perkebunan
2012-09-01,16415.42,Kopi,(Rp/kg),Perkebunan
2012-10-01,16394.46,Kopi,(Rp/kg),Perkebunan
2012-11-01,16401.57,Kopi,(Rp/kg),Perkebunan
2012-12-01,16387.46,Kopi,(Rp/kg),Perkebunan
2013-01-01,16348.04,Kopi,(Rp/kg),Perkebunan
2013-02-01,16384.15,Kopi,(Rp/kg),Perkebunan
2013-03-01,16369.2,Kopi,(Rp/kg),Perkebunan
2013-04-01,16523.23,Kopi,(Rp/kg),Perkebunan
2013-05-01,16573.82,Kopi,(Rp/kg),Perkebunan
2013-06-01,16519.36,Kopi,(Rp/kg),Perkebunan
2013-07-01,16511.38,Kopi,(Rp/kg),Perkebunan
2013-08-01,16639.45,Kopi,(Rp/kg),Perkebunan
2013-09-01,16666.14,Kopi,(Rp/kg),Perkebunan
2013-10-01,16736.56,Kopi,(Rp/kg),Perkebunan
2013-11-01,16592.6,Kopi,(Rp/kg),Perkebunan
2013-12-01,16729.81,Kopi,(Rp/kg),Perkebunan
2014-01-01,17049.27,Kopi,(Rp/kg),Perkebunan
2014-02-01,17199.07,Kopi,(Rp/kg),Perkebunan
2014-03-01,17392.95,Kopi,(Rp/kg),Perkebunan
2014-04-01,17402.78,Kopi,(Rp/kg),Perkebunan
2014-05-01,17590.54,Kopi,(Rp/kg),Perkebunan
2014-06-01,17479.01,Kopi,(Rp/kg),Perkebunan
2014-07-01,17581.02,Kopi,(Rp/kg),Perkebunan
2014-08-01,17584.55,Kopi,(Rp/kg),Perkebunan
2014-09-01,17572.82,Kopi,(Rp/kg),Perkebunan
2014-10-01,17621.35,Kopi,(Rp/kg),Perkebunan
2014-11-01,17665.33,Kopi,(Rp/kg),Perkebunan
2014-12-01,17984.98,Kopi,(Rp/kg),Perkebunan
2015-01-01,18699.78,Kopi,(Rp/kg),Perkebunan
2015-02-01,18672.42,Kopi,(Rp/kg),Perkebunan
2015-03-01,18822.53,Kopi,(Rp/kg),Perkebunan
2015-04-01,19073.26,Kopi,(Rp/kg),Perkebunan
2015-05-01,19256.6,Kopi,(Rp/kg),Perkebunan
2015-06-01,19177.67,Kopi,(Rp/kg),Perkebunan
2015-07-01,19324.02,Kopi,(Rp/kg),Perkebunan
2015-08-01,19130.84,Kopi,(Rp/kg),Perkebunan
2015-09-01,19112.61,Kopi,(Rp/kg),Perkebunan
2015-10-01,19298.34,Kopi,(Rp/kg),Perkebunan
2015-11-01,19510.1,Kopi,(Rp/kg),Perkebunan
2015-12-01,19538.11,Kopi,(Rp/kg),Perkebunan
2016-01-01,19488.85,Kopi,(Rp/kg),Perkebunan
2016-02-01,19658.46,Kopi,(Rp/kg),Perkebunan
2016-03-01,19710.05,Kopi,(Rp/kg),Perkebunan
2016-04-01,19685.67,Kopi,(Rp/kg),Perkebunan
2016-05-01,19751.7,Kopi,(Rp/kg),Perkebunan
2016-06-01,19902.94,Kopi,(Rp/kg),Perkebunan
2016-07-01,19854.36,Kopi,(Rp/kg),Perkebunan
2016-08-01,19767.63,Kopi,(Rp/kg),Perkebunan
2016-09-01,19848.97,Kopi,(Rp/kg),Perkebunan
2016-10-01,19848.02,Kopi,(Rp/kg),Perkebunan
2016-11-01,20090.8,Kopi,(Rp/kg),Perkebunan
2016-12-01,20151.67,Kopi,(Rp/kg),Perkebunan
2017-01-01,23904.78,Kopi,(Rp/kg),Perkebunan
2017-02-01,24135.36,Kopi,(Rp/kg),Perkebunan
2017-03-01,24407.72,Kopi,(Rp/kg),Perkebunan
2017-04-01,24642.83,Kopi,(Rp/kg),Perkebunan
2017-05-01,24824.96,Kopi,(Rp/kg),Perkebunan
2017-06-01,24760.28,Kopi,(Rp/kg),Perkebunan
2017-07-01,24744.79,Kopi,(Rp/kg),Perkebunan
2017-08-01,25027.73,Kopi,(Rp/kg),Perkebunan
2017-09-01,25035.95,Kopi,(Rp/kg),Perkebunan
2017-10-01,25264.98,Kopi,(Rp/kg),Perkebunan
2017-11-01,25358.51,Kopi,(Rp/kg),Perkebunan
2017-12-01,25519.31,Kopi,(Rp/kg),Perkebunan
2018-01-01,25183.39,Kopi,(Rp/kg),Perkebunan
2018-02-01,25423.68,Kopi,(Rp/kg),Perkebunan
2018-03-01,25483.7,Kopi,(Rp/kg),Perkebunan
2018-04-01,25883.42,Kopi,(Rp/kg),Perkebunan
2018-05-01,25673.18,Kopi,(Rp/kg),Perkebunan
2018-06-01,25630.71,Kopi,(Rp/kg),Perkebunan
2018-07-01,24198.53,Kopi,(Rp/kg),Perkebunan
2018-08-01,24034.84,Kopi,(Rp/kg),Perkebunan
2018-09-01,23693.14,Kopi,(Rp/kg),Perkebunan
2018-10-01,23659.52,Kopi,(Rp/kg),Perkebunan
2018-11-01,23588.97,Kopi,(Rp/kg),Perkebunan
2018-12-01,23595.79,Kopi,(Rp/kg),Perkebunan
2019-01-01,22785.54,Kopi,(Rp/kg),Perkebunan
2019-02-01,22836.18,Kopi,(Rp/kg),Perkebunan
2019-03-01,23178.75,Kopi,(Rp/kg),Perkebunan
2019-04-01,23153.52,Kopi,(Rp/kg),Perkebunan
2019-05-01,22914.17,Kopi,(Rp/kg),Perkebunan
2019-06-01,22649.87,Kopi,(Rp/kg),Perkebunan
2019-07-01,22726.82,Kopi,(Rp/kg),Perkebunan
2019-08-01,22318.67,Kopi,(Rp/kg),Perkebunan
2019-09-01,22097.1,Kopi,(Rp/kg),Perkebunan
2019-10-01,22177.52,Kopi,(Rp/kg),Perkebunan
2019-11-01,22264.5,Kopi,(Rp/kg),Perkebunan
2019-12-01,22230.76,Kopi,(Rp/kg),Perkebunan
2020-01-01,21004.92,Kopi,(Rp/kg),Perkebunan
2020-02-01,21075.77,Kopi,(Rp/kg),Perkebunan
2020-03-01,21113.12,Kopi,(Rp/kg),Perkebunan
2020-04-01,20703.23,Kopi,(Rp/kg),Perkebunan
2020-05-01,20317.39,Kopi,(Rp/kg),Perkebunan
2020-06-01,20357.02,Kopi,(Rp/kg),Perkebunan
2020-07-01,20435.36,Kopi,(Rp/kg),Perkebunan
2020-08-01,20004.66,Kopi,(Rp/kg),Perkebunan
2020-09-01,20048.77,Kopi,(Rp/kg),Perkebunan
2020-10-01,19948.31,Kopi,(Rp/kg),Perkebunan
2020-11-01,19992.96,Kopi,(Rp/kg),Perkebunan
2020-12-01,19840.9,Kopi,(Rp/kg),Perkebunan
2009-01-01,14428.55,Kakao,(Rp/kg),Perkebunan
2009-02-01,15129.28,Kakao,(Rp/kg),Perkebunan
2009-03-01,15974.69,Kakao,(Rp/kg),Perkebunan
2009-04-01,16438.56,Kakao,(Rp/kg),Perkebunan
2009-05-01,16151.74,Kakao,(Rp/kg),Perkebunan
2009-06-01,16286.43,Kakao,(Rp/kg),Perkebunan
2009-07-01,16367.12,Kakao,(Rp/kg),Perkebunan
2009-08-01,16683.86,Kakao,(Rp/kg),Perkebunan
2009-09-01,17092.24,Kakao,(Rp/kg),Perkebunan
2009-10-01,17537.88,Kakao,(Rp/kg),Perkebunan
2009-11-01,17839.41,Kakao,(Rp/kg),Perkebunan
2009-12-01,18108.28,Kakao,(Rp/kg),Perkebunan
2010-01-01,18115.49,Kakao,(Rp/kg),Perkebunan
2010-02-01,18317.1,Kakao,(Rp/kg),Perkebunan
2010-03-01,18348.2,Kakao,(Rp/kg),Perkebunan
2010-04-01,18521.63,Kakao,(Rp/kg),Perkebunan
2010-05-01,18556.13,Kakao,(Rp/kg),Perkebunan
2010-06-01,18491.31,Kakao,(Rp/kg),Perkebunan
2010-07-01,18603.15,Kakao,(Rp/kg),Perkebunan
2010-08-01,18556.84,Kakao,(Rp/kg),Perkebunan
2010-09-01,18742.51,Kakao,(Rp/kg),Perkebunan
2010-10-01,18708.23,Kakao,(Rp/kg),Perkebunan
2010-11-01,18736.05,Kakao,(Rp/kg),Perkebunan
2010-12-01,18714.61,Kakao,(Rp/kg),Perkebunan
2011-01-01,18791.35,Kakao,(Rp/kg),Perkebunan
2011-02-01,19222.66,Kakao,(Rp/kg),Perkebunan
2011-03-01,19461.37,Kakao,(Rp/kg),Perkebunan
2011-04-01,19128.21,Kakao,(Rp/kg),Perkebunan
2011-05-01,19447.93,Kakao,(Rp/kg),Perkebunan
2011-06-01,19437.87,Kakao,(Rp/kg),Perkebunan
2011-07-01,19633.34,Kakao,(Rp/kg),Perkebunan
2011-08-01,19436.73,Kakao,(Rp/kg),Perkebunan
2011-09-01,19310.3,Kakao,(Rp/kg),Perkebunan
2011-10-01,19088.23,Kakao,(Rp/kg),Perkebunan
2011-11-01,19133.54,Kakao,(Rp/kg),Perkebunan
2011-12-01,19019.13,Kakao,(Rp/kg),Perkebunan
2012-01-01,18050.24,Kakao,(Rp/kg),Perkebunan
2012-02-01,18070.78,Kakao,(Rp/kg),Perkebunan
2012-03-01,18063.43,Kakao,(Rp/kg),Perkebunan
2012-04-01,17927.82,Kakao,(Rp/kg),Perkebunan
2012-05-01,18120.4,Kakao,(Rp/kg),Perkebunan
2012-06-01,18148.25,Kakao,(Rp/kg),Perkebunan
2012-07-01,18369.48,Kakao,(Rp/kg),Perkebunan
2012-08-01,18474.14,Kakao,(Rp/kg),Perkebunan
2012-09-01,18653.95,Kakao,(Rp/kg),Perkebunan
2012-10-01,18640.4,Kakao,(Rp/kg),Perkebunan
2012-11-01,18586.38,Kakao,(Rp/kg),Perkebunan
2012-12-01,18462.76,Kakao,(Rp/kg),Perkebunan
2013-01-01,18460.44,Kakao,(Rp/kg),Perkebunan
2013-02-01,18476.84,Kakao,(Rp/kg),Perkebunan
2013-03-01,18265.54,Kakao,(Rp/kg),Perkebunan
2013-04-01,18265.54,Kakao,(Rp/kg),Perkebunan
2013-05-01,18528.93,Kakao,(Rp/kg),Perkebunan
2013-06-01,18777.94,Kakao,(Rp/kg),Perkebunan
2013-07-01,18863.81,Kakao,(Rp/kg),Perkebunan
2013-08-01,18887.7,Kakao,(Rp/kg),Perkebunan
2013-09-01,19244.43,Kakao,(Rp/kg),Perkebunan
2013-10-01,19518.4,Kakao,(Rp/kg),Perkebunan
2013-11-01,20120.65,Kakao,(Rp/kg),Perkebunan
2013-12-01,20682.67,Kakao,(Rp/kg),Perkebunan
2014-01-01,21087.15,Kakao,(Rp/kg),Perkebunan
2014-02-01,21492.24,Kakao,(Rp/kg),Perkebunan
2014-03-01,22025.84,Kakao,(Rp/kg),Perkebunan
2014-04-01,22505.34,Kakao,(Rp/kg),Perkebunan
2014-05-01,23047.61,Kakao,(Rp/kg),Perkebunan
2014-06-01,23885.31,Kakao,(Rp/kg),Perkebunan
2014-07-01,24284.69,Kakao,(Rp/kg),Perkebunan
2014-08-01,24469.54,Kakao,(Rp/kg),Perkebunan
2014-09-01,24560.44,Kakao,(Rp/kg),Perkebunan
2014-10-01,24857.29,Kakao,(Rp/kg),Perkebunan
2014-11-01,24129,Kakao,(Rp/kg),Perkebunan
2014-12-01,23686.28,Kakao,(Rp/kg),Perkebunan
2015-01-01,22658.48,Kakao,(Rp/kg),Perkebunan
2015-02-01,22097.55,Kakao,(Rp/kg),Perkebunan
2015-03-01,22069.94,Kakao,(Rp/kg),Perkebunan
2015-04-01,21972.49,Kakao,(Rp/kg),Perkebunan
2015-05-01,22485.72,Kakao,(Rp/kg),Perkebunan
2015-06-01,23305.76,Kakao,(Rp/kg),Perkebunan
2015-07-01,23919.25,Kakao,(Rp/kg),Perkebunan
2015-08-01,23898.13,Kakao,(Rp/kg),Perkebunan
2015-09-01,24409.87,Kakao,(Rp/kg),Perkebunan
2015-10-01,24444.98,Kakao,(Rp/kg),Perkebunan
2015-11-01,24334.29,Kakao,(Rp/kg),Perkebunan
2015-12-01,24423.19,Kakao,(Rp/kg),Perkebunan
2016-01-01,24329.12,Kakao,(Rp/kg),Perkebunan
2016-02-01,23899.07,Kakao,(Rp/kg),Perkebunan
2016-03-01,24022.62,Kakao,(Rp/kg),Perkebunan
2016-04-01,24074.35,Kakao,(Rp/kg),Perkebunan
2016-05-01,24534.27,Kakao,(Rp/kg),Perkebunan
2016-06-01,25014.76,Kakao,(Rp/kg),Perkebunan
2016-07-01,25564.48,Kakao,(Rp/kg),Perkebunan
2016-08-01,25719.06,Kakao,(Rp/kg),Perkebunan
2016-09-01,25805.68,Kakao,(Rp/kg),Perkebunan
2016-10-01,25798.34,Kakao,(Rp/kg),Perkebunan
2016-11-01,25191.61,Kakao,(Rp/kg),Perkebunan
2016-12-01,24499.41,Kakao,(Rp/kg),Perkebunan
2017-01-01,22430.56,Kakao,(Rp/kg),Perkebunan
2017-02-01,21984.17,Kakao,(Rp/kg),Perkebunan
2017-03-01,21734.1,Kakao,(Rp/kg),Perkebunan
2017-04-01,21650.73,Kakao,(Rp/kg),Perkebunan
2017-05-01,21068.13,Kakao,(Rp/kg),Perkebunan
2017-06-01,21137.7,Kakao,(Rp/kg),Perkebunan
2017-07-01,21032.85,Kakao,(Rp/kg),Perkebunan
2017-08-01,21222.81,Kakao,(Rp/kg),Perkebunan
2017-09-01,21137.29,Kakao,(Rp/kg),Perkebunan
2017-10-01,21137.85,Kakao,(Rp/kg),Perkebunan
2017-11-01,21499.17,Kakao,(Rp/kg),Perkebunan
2017-12-01,21464.69,Kakao,(Rp/kg),Perkebunan
2018-01-01,20094.47,Kakao,(Rp/kg),Perkebunan
2018-02-01,20217.19,Kakao,(Rp/kg),Perkebunan
2018-03-01,20727.33,Kakao,(Rp/kg),Perkebunan
2018-04-01,21593.25,Kakao,(Rp/kg),Perkebunan
2018-05-01,22478.88,Kakao,(Rp/kg),Perkebunan
2018-06-01,22449.02,Kakao,(Rp/kg),Perkebunan
2018-07-01,22322.92,Kakao,(Rp/kg),Perkebunan
2018-08-01,21768.91,Kakao,(Rp/kg),Perkebunan
2018-09-01,21720.72,Kakao,(Rp/kg),Perkebunan
2018-10-01,21468.66,Kakao,(Rp/kg),Perkebunan
2018-11-01,21514.24,Kakao,(Rp/kg),Perkebunan
2018-12-01,21152.81,Kakao,(Rp/kg),Perkebunan
2019-01-01,20039.32,Kakao,(Rp/kg),Perkebunan
2019-02-01,19781.89,Kakao,(Rp/kg),Perkebunan
2019-03-01,19845.44,Kakao,(Rp/kg),Perkebunan
2019-04-01,19825.65,Kakao,(Rp/kg),Perkebunan
2019-05-01,20002.58,Kakao,(Rp/kg),Perkebunan
2019-06-01,20352.48,Kakao,(Rp/kg),Perkebunan
2019-07-01,20499.33,Kakao,(Rp/kg),Perkebunan
2019-08-01,20299.46,Kakao,(Rp/kg),Perkebunan
2019-09-01,20260,Kakao,(Rp/kg),Perkebunan
2019-10-01,20382.08,Kakao,(Rp/kg),Perkebunan
2019-11-01,20604.64,Kakao,(Rp/kg),Perkebunan
2019-12-01,20683.75,Kakao,(Rp/kg),Perkebunan
2020-01-01,20328.92,Kakao,(Rp/kg),Perkebunan
2020-02-01,20492.96,Kakao,(Rp/kg),Perkebunan
2020-03-01,20446.87,Kakao,(Rp/kg),Perkebunan
2020-04-01,20083.34,Kakao,(Rp/kg),Perkebunan
2020-05-01,20095.14,Kakao,(Rp/kg),Perkebunan
2020-06-01,20258.07,Kakao,(Rp/kg),Perkebunan
2020-07-01,20139.09,Kakao,(Rp/kg),Perkebunan
2020-08-01,20538.18,Kakao,(Rp/kg),Perkebunan
2020-09-01,20725.52,Kakao,(Rp/kg),Perkebunan
2020-10-01,20821.38,Kakao,(Rp/kg),Perkebunan
2020-11-01,20618.71,Kakao,(Rp/kg),Perkebunan
2020-12-01,20810.74,Kakao,(Rp/kg),Perkebunan
2009-01-01,4989,Karet,(Rp/kg),Perkebunan
2009-02-01,5041,Karet,(Rp/kg),Perkebunan
2009-03-01,5009,Karet,(Rp/kg),Perkebunan
2009-04-01,5327,Karet,(Rp/kg),Perkebunan
2009-05-01,5567,Karet,(Rp/kg),Perkebunan
2009-06-01,5689,Karet,(Rp/kg),Perkebunan
2009-07-01,5518,Karet,(Rp/kg),Perkebunan
2009-08-01,5708,Karet,(Rp/kg),Perkebunan
2009-09-01,6228,Karet,(Rp/kg),Perkebunan
2009-10-01,6476,Karet,(Rp/kg),Perkebunan
2009-11-01,7032,Karet,(Rp/kg),Perkebunan
2009-12-01,7300,Karet,(Rp/kg),Perkebunan
2010-01-01,7245,Karet,(Rp/kg),Perkebunan
2010-02-01,7297,Karet,(Rp/kg),Perkebunan
2010-03-01,7394,Karet,(Rp/kg),Perkebunan
2010-04-01,7718,Karet,(Rp/kg),Perkebunan
2010-05-01,7643,Karet,(Rp/kg),Perkebunan
2010-06-01,7713,Karet,(Rp/kg),Perkebunan
2010-07-01,7780,Karet,(Rp/kg),Perkebunan
2010-08-01,8079,Karet,(Rp/kg),Perkebunan
2010-09-01,8038,Karet,(Rp/kg),Perkebunan
2010-10-01,7929,Karet,(Rp/kg),Perkebunan
2010-11-01,8005,Karet,(Rp/kg),Perkebunan
2010-12-01,8071,Karet,(Rp/kg),Perkebunan
2011-01-01,8258,Karet,(Rp/kg),Perkebunan
2011-02-01,8501,Karet,(Rp/kg),Perkebunan
2011-03-01,8292,Karet,(Rp/kg),Perkebunan
2011-04-01,8590,Karet,(Rp/kg),Perkebunan
2011-05-01,8400,Karet,(Rp/kg),Perkebunan
2011-06-01,8433,Karet,(Rp/kg),Perkebunan
2011-07-01,8367,Karet,(Rp/kg),Perkebunan
2011-08-01,8430,Karet,(Rp/kg),Perkebunan
2011-09-01,8556,Karet,(Rp/kg),Perkebunan
2011-10-01,8536,Karet,(Rp/kg),Perkebunan
2011-11-01,8309,Karet,(Rp/kg),Perkebunan
2011-12-01,8205,Karet,(Rp/kg),Perkebunan
2012-01-01,8213,Karet,(Rp/kg),Perkebunan
2012-02-01,8284,Karet,(Rp/kg),Perkebunan
2012-03-01,8336,Karet,(Rp/kg),Perkebunan
2012-04-01,8343,Karet,(Rp/kg),Perkebunan
2012-05-01,8222,Karet,(Rp/kg),Perkebunan
2012-06-01,8162,Karet,(Rp/kg),Perkebunan
2012-07-01,8124,Karet,(Rp/kg),Perkebunan
2012-08-01,8163,Karet,(Rp/kg),Perkebunan
2012-09-01,8135,Karet,(Rp/kg),Perkebunan
2012-10-01,8254,Karet,(Rp/kg),Perkebunan
2012-11-01,8235,Karet,(Rp/kg),Perkebunan
2012-12-01,8268,Karet,(Rp/kg),Perkebunan
2013-01-01,8360,Karet,(Rp/kg),Perkebunan
2013-02-01,8408,Karet,(Rp/kg),Perkebunan
2013-03-01,8364,Karet,(Rp/kg),Perkebunan
2013-04-01,8267,Karet,(Rp/kg),Perkebunan
2013-05-01,8179,Karet,(Rp/kg),Perkebunan
2013-06-01,8096,Karet,(Rp/kg),Perkebunan
2013-07-01,8056,Karet,(Rp/kg),Perkebunan
2013-08-01,7927,Karet,(Rp/kg),Perkebunan
2013-09-01,8040,Karet,(Rp/kg),Perkebunan
2013-10-01,8147,Karet,(Rp/kg),Perkebunan
2013-11-01,8079,Karet,(Rp/kg),Perkebunan
2013-12-01,8242,Karet,(Rp/kg),Perkebunan
2014-01-01,8282,Karet,(Rp/kg),Perkebunan
2014-02-01,7781,Karet,(Rp/kg),Perkebunan
2014-03-01,7594,Karet,(Rp/kg),Perkebunan
2014-04-01,7551,Karet,(Rp/kg),Perkebunan
2014-05-01,7246,Karet,(Rp/kg),Perkebunan
2014-06-01,7237,Karet,(Rp/kg),Perkebunan
2014-07-01,7292,Karet,(Rp/kg),Perkebunan
2014-08-01,7259,Karet,(Rp/kg),Perkebunan
2014-09-01,7125,Karet,(Rp/kg),Perkebunan
2014-10-01,6980,Karet,(Rp/kg),Perkebunan
2014-11-01,7046,Karet,(Rp/kg),Perkebunan
2014-12-01,7140,Karet,(Rp/kg),Perkebunan
2015-01-01,6915,Karet,(Rp/kg),Perkebunan
2015-02-01,6706,Karet,(Rp/kg),Perkebunan
2015-03-01,6711,Karet,(Rp/kg),Perkebunan
2015-04-01,6681,Karet,(Rp/kg),Perkebunan
2015-05-01,6710,Karet,(Rp/kg),Perkebunan
2015-06-01,6918,Karet,(Rp/kg),Perkebunan
2015-07-01,6955,Karet,(Rp/kg),Perkebunan
2015-08-01,6835,Karet,(Rp/kg),Perkebunan
2015-09-01,6679,Karet,(Rp/kg),Perkebunan
2015-10-01,6709,Karet,(Rp/kg),Perkebunan
2015-11-01,6615,Karet,(Rp/kg),Perkebunan
2015-12-01,6514,Karet,(Rp/kg),Perkebunan
2016-01-01,6314,Karet,(Rp/kg),Perkebunan
2016-02-01,6172,Karet,(Rp/kg),Perkebunan
2016-03-01,6115,Karet,(Rp/kg),Perkebunan
2016-04-01,6302,Karet,(Rp/kg),Perkebunan
2016-05-01,6519,Karet,(Rp/kg),Perkebunan
2016-06-01,6312,Karet,(Rp/kg),Perkebunan
2016-07-01,6222,Karet,(Rp/kg),Perkebunan
2016-08-01,6287,Karet,(Rp/kg),Perkebunan
2016-09-01,6294,Karet,(Rp/kg),Perkebunan
2016-10-01,6408,Karet,(Rp/kg),Perkebunan
2016-11-01,6615,Karet,(Rp/kg),Perkebunan
2016-12-01,6945,Karet,(Rp/kg),Perkebunan
2017-01-01,7532,Karet,(Rp/kg),Perkebunan
2017-02-01,7532,Karet,(Rp/kg),Perkebunan
2017-03-01,7723,Karet,(Rp/kg),Perkebunan
2017-04-01,7523,Karet,(Rp/kg),Perkebunan
2017-05-01,7141,Karet,(Rp/kg),Perkebunan
2017-06-01,7004,Karet,(Rp/kg),Perkebunan
2017-07-01,6996,Karet,(Rp/kg),Perkebunan
2017-08-01,7167,Karet,(Rp/kg),Perkebunan
2017-09-01,7328,Karet,(Rp/kg),Perkebunan
2017-10-01,7374,Karet,(Rp/kg),Perkebunan
2017-11-01,7308,Karet,(Rp/kg),Perkebunan
2017-12-01,7320,Karet,(Rp/kg),Perkebunan
2018-01-01,6970,Karet,(Rp/kg),Perkebunan
2018-02-01,6987,Karet,(Rp/kg),Perkebunan
2018-03-01,6911,Karet,(Rp/kg),Perkebunan
2018-04-01,6765,Karet,(Rp/kg),Perkebunan
2018-05-01,6733,Karet,(Rp/kg),Perkebunan
2018-06-01,6789,Karet,(Rp/kg),Perkebunan
2018-07-01,6735,Karet,(Rp/kg),Perkebunan
2018-08-01,6860,Karet,(Rp/kg),Perkebunan
2018-09-01,6913,Karet,(Rp/kg),Perkebunan
2018-10-01,7088,Karet,(Rp/kg),Perkebunan
2018-11-01,7026,Karet,(Rp/kg),Perkebunan
2018-12-01,6950,Karet,(Rp/kg),Perkebunan
2019-01-01,6504,Karet,(Rp/kg),Perkebunan
2019-02-01,6545,Karet,(Rp/kg),Perkebunan
2019-03-01,6589,Karet,(Rp/kg),Perkebunan
2019-04-01,6615,Karet,(Rp/kg),Perkebunan
2019-05-01,6736,Karet,(Rp/kg),Perkebunan
2019-06-01,6778,Karet,(Rp/kg),Perkebunan
2019-07-01,6802,Karet,(Rp/kg),Perkebunan
2019-08-01,6634,Karet,(Rp/kg),Perkebunan
2019-09-01,6678,Karet,(Rp/kg),Perkebunan
2019-10-01,6622,Karet,(Rp/kg),Perkebunan
2019-11-01,6608,Karet,(Rp/kg),Perkebunan
2019-12-01,6731,Karet,(Rp/kg),Perkebunan
2020-01-01,6835,Karet,(Rp/kg),Perkebunan
2020-02-01,6657,Karet,(Rp/kg),Perkebunan
2020-03-01,6553,Karet,(Rp/kg),Perkebunan
2020-04-01,6250,Karet,(Rp/kg),Perkebunan
2020-05-01,5994,Karet,(Rp/kg),Perkebunan
2020-06-01,6001,Karet,(Rp/kg),Perkebunan
2020-07-01,5994,Karet,(Rp/kg),Perkebunan
2020-08-01,6151,Karet,(Rp/kg),Perkebunan
2020-09-01,6353,Karet,(Rp/kg),Perkebunan
2020-10-01,6509,Karet,(Rp/kg),Perkebunan
2020-11-01,6749,Karet,(Rp/kg),Perkebunan
2020-12-01,6944,Karet,(Rp/kg),Perkebunan
2009-01-01,879.86,Kelapa Sawit,(Rp/kg),Perkebunan
2009-02-01,927.52,Kelapa Sawit,(Rp/kg),Perkebunan
2009-03-01,994.83,Kelapa Sawit,(Rp/kg),Perkebunan
2009-04-01,1065.75,Kelapa Sawit,(Rp/kg),Perkebunan
2009-05-01,1108.58,Kelapa Sawit,(Rp/kg),Perkebunan
2009-06-01,1164.18,Kelapa Sawit,(Rp/kg),Perkebunan
2009-07-01,1065.89,Kelapa Sawit,(Rp/kg),Perkebunan
2009-08-01,1111.87,Kelapa Sawit,(Rp/kg),Perkebunan
2009-09-01,1125.12,Kelapa Sawit,(Rp/kg),Perkebunan
2009-10-01,1111.87,Kelapa Sawit,(Rp/kg),Perkebunan
2009-11-01,1112.23,Kelapa Sawit,(Rp/kg),Perkebunan
2009-12-01,1120.33,Kelapa Sawit,(Rp/kg),Perkebunan
2010-01-01,1092.93,Kelapa Sawit,(Rp/kg),Perkebunan
2010-02-01,1085.91,Kelapa Sawit,(Rp/kg),Perkebunan
2010-03-01,1101.76,Kelapa Sawit,(Rp/kg),Perkebunan
2010-04-01,1091.01,Kelapa Sawit,(Rp/kg),Perkebunan
2010-05-01,1093.27,Kelapa Sawit,(Rp/kg),Perkebunan
2010-06-01,1093.24,Kelapa Sawit,(Rp/kg),Perkebunan
2010-07-01,1112.72,Kelapa Sawit,(Rp/kg),Perkebunan
2010-08-01,1108.91,Kelapa Sawit,(Rp/kg),Perkebunan
2010-09-01,1106.69,Kelapa Sawit,(Rp/kg),Perkebunan
2010-10-01,1117.73,Kelapa Sawit,(Rp/kg),Perkebunan
2010-11-01,1125.61,Kelapa Sawit,(Rp/kg),Perkebunan
2010-12-01,1132.86,Kelapa Sawit,(Rp/kg),Perkebunan
2011-01-01,1197.96,Kelapa Sawit,(Rp/kg),Perkebunan
2011-02-01,1228.25,Kelapa Sawit,(Rp/kg),Perkebunan
2011-03-01,1234.76,Kelapa Sawit,(Rp/kg),Perkebunan
2011-04-01,1215.03,Kelapa Sawit,(Rp/kg),Perkebunan
2011-05-01,1219.9,Kelapa Sawit,(Rp/kg),Perkebunan
2011-06-01,1218.82,Kelapa Sawit,(Rp/kg),Perkebunan
2011-07-01,1207.14,Kelapa Sawit,(Rp/kg),Perkebunan
2011-08-01,1196.85,Kelapa Sawit,(Rp/kg),Perkebunan
2011-09-01,1198.56,Kelapa Sawit,(Rp/kg),Perkebunan
2011-10-01,1186.43,Kelapa Sawit,(Rp/kg),Perkebunan
2011-11-01,1188.68,Kelapa Sawit,(Rp/kg),Perkebunan
2011-12-01,1199.86,Kelapa Sawit,(Rp/kg),Perkebunan
2012-01-01,1217.99,Kelapa Sawit,(Rp/kg),Perkebunan
2012-02-01,1229.8,Kelapa Sawit,(Rp/kg),Perkebunan
2012-03-01,1244.05,Kelapa Sawit,(Rp/kg),Perkebunan
2012-04-01,1268.22,Kelapa Sawit,(Rp/kg),Perkebunan
2012-05-01,1293.41,Kelapa Sawit,(Rp/kg),Perkebunan
2012-06-01,1285.18,Kelapa Sawit,(Rp/kg),Perkebunan
2012-07-01,1267.48,Kelapa Sawit,(Rp/kg),Perkebunan
2012-08-01,1273.87,Kelapa Sawit,(Rp/kg),Perkebunan
2012-09-01,1258.85,Kelapa Sawit,(Rp/kg),Perkebunan
2012-10-01,1238.49,Kelapa Sawit,(Rp/kg),Perkebunan
2012-11-01,1223.68,Kelapa Sawit,(Rp/kg),Perkebunan
2012-12-01,1203.94,Kelapa Sawit,(Rp/kg),Perkebunan
2013-01-01,1204.56,Kelapa Sawit,(Rp/kg),Perkebunan
2013-02-01,1225.45,Kelapa Sawit,(Rp/kg),Perkebunan
2013-03-01,1254.05,Kelapa Sawit,(Rp/kg),Perkebunan
2013-04-01,1270.29,Kelapa Sawit,(Rp/kg),Perkebunan
2013-05-01,1289,Kelapa Sawit,(Rp/kg),Perkebunan
2013-06-01,1296.49,Kelapa Sawit,(Rp/kg),Perkebunan
2013-07-01,1295.35,Kelapa Sawit,(Rp/kg),Perkebunan
2013-08-01,1278.79,Kelapa Sawit,(Rp/kg),Perkebunan
2013-09-01,1290.44,Kelapa Sawit,(Rp/kg),Perkebunan
2013-10-01,1299.05,Kelapa Sawit,(Rp/kg),Perkebunan
2013-11-01,1335.33,Kelapa Sawit,(Rp/kg),Perkebunan
2013-12-01,1391.37,Kelapa Sawit,(Rp/kg),Perkebunan
2014-01-01,1419.61,Kelapa Sawit,(Rp/kg),Perkebunan
2014-02-01,1456.48,Kelapa Sawit,(Rp/kg),Perkebunan
2014-03-01,1510.69,Kelapa Sawit,(Rp/kg),Perkebunan
2014-04-01,1505.76,Kelapa Sawit,(Rp/kg),Perkebunan
2014-05-01,1510.46,Kelapa Sawit,(Rp/kg),Perkebunan
2014-06-01,1501.07,Kelapa Sawit,(Rp/kg),Perkebunan
2014-07-01,1486.43,Kelapa Sawit,(Rp/kg),Perkebunan
2014-08-01,1454.97,Kelapa Sawit,(Rp/kg),Perkebunan
2014-09-01,1405.69,Kelapa Sawit,(Rp/kg),Perkebunan
2014-10-01,1418.74,Kelapa Sawit,(Rp/kg),Perkebunan
2014-11-01,1450.8,Kelapa Sawit,(Rp/kg),Perkebunan
2014-12-01,1452.73,Kelapa Sawit,(Rp/kg),Perkebunan
2015-01-01,1460.69,Kelapa Sawit,(Rp/kg),Perkebunan
2015-02-01,1463.52,Kelapa Sawit,(Rp/kg),Perkebunan
2015-03-01,1479.19,Kelapa Sawit,(Rp/kg),Perkebunan
2015-04-01,1461.83,Kelapa Sawit,(Rp/kg),Perkebunan
2015-05-01,1417.16,Kelapa Sawit,(Rp/kg),Perkebunan
2015-06-01,1404.39,Kelapa Sawit,(Rp/kg),Perkebunan
2015-07-01,1369.45,Kelapa Sawit,(Rp/kg),Perkebunan
2015-08-01,1312.93,Kelapa Sawit,(Rp/kg),Perkebunan
2015-09-01,1216.23,Kelapa Sawit,(Rp/kg),Perkebunan
2015-10-01,1201.23,Kelapa Sawit,(Rp/kg),Perkebunan
2015-11-01,1238.98,Kelapa Sawit,(Rp/kg),Perkebunan
2015-12-01,1249.9,Kelapa Sawit,(Rp/kg),Perkebunan
2016-01-01,1251.61,Kelapa Sawit,(Rp/kg),Perkebunan
2016-02-01,1310.94,Kelapa Sawit,(Rp/kg),Perkebunan
2016-03-01,1406.38,Kelapa Sawit,(Rp/kg),Perkebunan
2016-04-01,1480.15,Kelapa Sawit,(Rp/kg),Perkebunan
2016-05-01,1520.05,Kelapa Sawit,(Rp/kg),Perkebunan
2016-06-01,1509.81,Kelapa Sawit,(Rp/kg),Perkebunan
2016-07-01,1492.89,Kelapa Sawit,(Rp/kg),Perkebunan
2016-08-01,1489.49,Kelapa Sawit,(Rp/kg),Perkebunan
2016-09-01,1543.27,Kelapa Sawit,(Rp/kg),Perkebunan
2016-10-01,1530.3,Kelapa Sawit,(Rp/kg),Perkebunan
2016-11-01,1567.59,Kelapa Sawit,(Rp/kg),Perkebunan
2016-12-01,1624.32,Kelapa Sawit,(Rp/kg),Perkebunan
2017-01-01,1241.47,Kelapa Sawit,(Rp/kg),Perkebunan
2017-02-01,1274.98,Kelapa Sawit,(Rp/kg),Perkebunan
2017-03-01,1275.22,Kelapa Sawit,(Rp/kg),Perkebunan
2017-04-01,1255.11,Kelapa Sawit,(Rp/kg),Perkebunan
2017-05-01,1227.57,Kelapa Sawit,(Rp/kg),Perkebunan
2017-06-01,1208.8,Kelapa Sawit,(Rp/kg),Perkebunan
2017-07-01,1178.2,Kelapa Sawit,(Rp/kg),Perkebunan
2017-08-01,1179.54,Kelapa Sawit,(Rp/kg),Perkebunan
2017-09-01,1201.94,Kelapa Sawit,(Rp/kg),Perkebunan
2017-10-01,1229.57,Kelapa Sawit,(Rp/kg),Perkebunan
2017-11-01,1260.42,Kelapa Sawit,(Rp/kg),Perkebunan
2017-12-01,1264.93,Kelapa Sawit,(Rp/kg),Perkebunan
2018-01-01,1221.64,Kelapa Sawit,(Rp/kg),Perkebunan
2018-02-01,1224.95,Kelapa Sawit,(Rp/kg),Perkebunan
2018-03-01,1223.61,Kelapa Sawit,(Rp/kg),Perkebunan
2018-04-01,1213.55,Kelapa Sawit,(Rp/kg),Perkebunan
2018-05-01,1187.17,Kelapa Sawit,(Rp/kg),Perkebunan
2018-06-01,1146.75,Kelapa Sawit,(Rp/kg),Perkebunan
2018-07-01,1043.49,Kelapa Sawit,(Rp/kg),Perkebunan
2018-08-01,1006.84,Kelapa Sawit,(Rp/kg),Perkebunan
2018-09-01,1002.92,Kelapa Sawit,(Rp/kg),Perkebunan
2018-10-01,976.81,Kelapa Sawit,(Rp/kg),Perkebunan
2018-11-01,932.81,Kelapa Sawit,(Rp/kg),Perkebunan
2018-12-01,884.38,Kelapa Sawit,(Rp/kg),Perkebunan
2019-01-01,919.69,Kelapa Sawit,(Rp/kg),Perkebunan
2019-02-01,1002.99,Kelapa Sawit,(Rp/kg),Perkebunan
2019-03-01,1034.16,Kelapa Sawit,(Rp/kg),Perkebunan
2019-04-01,1054.63,Kelapa Sawit,(Rp/kg),Perkebunan
2019-05-01,1019.98,Kelapa Sawit,(Rp/kg),Perkebunan
2019-06-01,965.97,Kelapa Sawit,(Rp/kg),Perkebunan
2019-07-01,953.82,Kelapa Sawit,(Rp/kg),Perkebunan
2019-08-01,966.58,Kelapa Sawit,(Rp/kg),Perkebunan
2019-09-01,1004.66,Kelapa Sawit,(Rp/kg),Perkebunan
2019-10-01,1009.33,Kelapa Sawit,(Rp/kg),Perkebunan
2019-11-01,1070.28,Kelapa Sawit,(Rp/kg),Perkebunan
2019-12-01,1163.87,Kelapa Sawit,(Rp/kg),Perkebunan
2020-01-01,1174.04,Kelapa Sawit,(Rp/kg),Perkebunan
2020-02-01,1191.71,Kelapa Sawit,(Rp/kg),Perkebunan
2020-03-01,1155.19,Kelapa Sawit,(Rp/kg),Perkebunan
2020-04-01,1138.64,Kelapa Sawit,(Rp/kg),Perkebunan
2020-05-01,1090.83,Kelapa Sawit,(Rp/kg),Perkebunan
2020-06-01,1078.28,Kelapa Sawit,(Rp/kg),Perkebunan
2020-07-01,1111.46,Kelapa Sawit,(Rp/kg),Perkebunan
2020-08-01,1148.81,Kelapa Sawit,(Rp/kg),Perkebunan
2020-09-01,1189.07,Kelapa Sawit,(Rp/kg),Perkebunan
2020-10-01,1222.48,Kelapa Sawit,(Rp/kg),Perkebunan
2020-11-01,1254.56,Kelapa Sawit,(Rp/kg),Perkebunan
2020-12-01,1286.51,Kelapa Sawit,(Rp/kg),Perkebunan
